cohort,year,age,syn_pr1,syn_pr3
1915,1935,20,.98451,1.00269
1910,1935,25,.98220998,1.00035
1905,1935,30,.97948003,.99756998
1900,1935,35,.97302002,.99098998
1895,1935,40,.96546,.98329002
1890,1935,45,.95271999,.97031999
1885,1935,50,.93296999,.95020002
1880,1935,55,.90942001,.92622
1875,1935,60,.87155002,.88765001
1870,1935,65,.81224,.82723999
1865,1935,70,.73285002,.74638999
1860,1935,75,.61584997,.62721997
1855,1935,80,.49404001,.50317001
1850,1935,85,.34560999,.35199001
1845,1935,90,.25156999,.25622001
1840,1935,95,.15056001,.15334
1920,1940,20,.98588997,1.02811
1915,1940,25,.98641998,1.00464
1910,1940,30,.98355001,1.0017101
1905,1940,35,.97882003,.99690002
1900,1940,40,.97077,.98869997
1895,1940,45,.95876002,.97645998
1890,1940,50,.93888998,.95621997
1885,1940,55,.91295999,.92982
1880,1940,60,.87908,.89530998
1875,1940,65,.82695001,.84222001
1870,1940,70,.74361998,.75735998
1865,1940,75,.63489997,.64661998
1860,1940,80,.50265998,.51195002
1855,1940,85,.35856,.36517999
1850,1940,90,.25077,.2554
1845,1940,95,.15237001,.15518001
1925,1945,20,.98861998,1.02475
1920,1945,25,.98839003,1.03072
1915,1945,30,.98728001,1.00551
1910,1945,35,.98251998,1.0006599
1905,1945,40,.97509003,.99309999
1900,1945,45,.96323001,.98101997
1895,1945,50,.94442999,.96187001
1890,1945,55,.91904002,.93602002
1885,1945,60,.88647002,.90284002
1880,1945,65,.84162998,.85716999
1875,1945,70,.76419997,.77831
1870,1945,75,.65612,.66824001
1865,1945,80,.53834999,.54830003
1860,1945,85,.38446999,.39157
1855,1945,90,.27045,.27544001
1850,1945,95,.16214,.16513
1930,1950,20,.98922998,1.0337501
1925,1950,25,.99023002,1.02643
1920,1950,30,.98868001,1.03102
1915,1950,35,.98597997,1.00419
1910,1950,40,.97829998,.99637002
1905,1950,45,.96720999,.98506999
1900,1950,50,.94893998,.96645999
1895,1950,55,.92636001,.94345999
1890,1950,60,.89284003,.90932
1885,1950,65,.84802002,.86369002
1880,1950,70,.77770001,.79206002
1875,1950,75,.67783999,.69036001
1870,1950,80,.55526,.56550997
1865,1950,85,.40810999,.41564
1860,1950,90,.27039,.27537999
1855,1950,95,.16588999,.16895001
1935,1955,20,.98859,1.03269
1930,1955,25,.98973,1.03427
1925,1955,30,.98958999,1.0257601
1920,1955,35,.98624003,1.02847
1915,1955,40,.98062998,.99874002
1910,1955,45,.96998,.98789001
1905,1955,50,.95297003,.97057003
1900,1955,55,.93092,.94810998
1895,1955,60,.89804,.91463
1890,1955,65,.85143,.86716002
1885,1955,70,.7877,.80224001
1880,1955,75,.68984997,.70258999
1875,1955,80,.56190002,.57227999
1870,1955,85,.40865001,.41619
1865,1955,90,.27263999,.27768001
1860,1955,95,.16003001,.16299
1940,1960,20,.98859,1.02641
1935,1960,25,.98864001,1.03274
1930,1960,30,.98824,1.03272
1925,1960,35,.98606002,1.0221
1920,1960,40,.97978002,1.02174
1915,1960,45,.97038001,.98830003
1910,1960,50,.95379001,.97140998
1905,1960,55,.93356001,.9508
1900,1960,60,.89762002,.91420001
1895,1960,65,.85534,.87112999
1890,1960,70,.79312003,.80777001
1885,1960,75,.69721001,.71008003
1880,1960,80,.56638998,.57685
1875,1960,85,.41106999,.41867
1870,1960,90,.27037001,.27535999
1865,1960,95,.15505999,.15792
1945,1965,20,.98835999,1.01762
1940,1965,25,.98777997,1.02558
1935,1965,30,.98663002,1.03064
1930,1965,35,.98412001,1.0283999
1925,1965,40,.97917998,1.0149699
1920,1965,45,.96890002,1.0104001
1915,1965,50,.95444,.97206002
1910,1965,55,.93335998,.95060003
1905,1965,60,.90012997,.91675001
1900,1965,65,.85777998,.87361997
1895,1965,70,.79786003,.81259
1890,1965,75,.70339,.71638
1885,1965,80,.57944,.59013999
1880,1965,85,.42513999,.43299001
1875,1965,90,.27900001,.28415
1870,1965,95,.16269,.16569
1950,1970,20,.98881,1.01083
1945,1970,25,.98819,1.01744
1940,1970,30,.98645997,1.0242
1935,1970,35,.98342001,1.02729
1930,1970,40,.97849,1.0225199
1925,1970,45,.96992999,1.00538
1920,1970,50,.95634001,.99729002
1915,1970,55,.93568999,.95297003
1910,1970,60,.90653002,.92328
1905,1970,65,.86632001,.88231999
1900,1970,70,.80405003,.81889999
1895,1970,75,.72030997,.73360997
1890,1970,80,.60272998,.61386001
1885,1970,85,.45311999,.46149001
1880,1970,90,.30325001,.30884999
1875,1970,95,.18108,.18443
1955,1975,20,.98997003,1.00748
1950,1975,25,.98952001,1.01156
1945,1975,30,.98819,1.01744
1940,1975,35,.98500001,1.02268
1935,1975,40,.98005003,1.02377
1930,1975,45,.97250003,1.01627
1925,1975,50,.96085,.99597001
1920,1975,55,.94300002,.98338002
1915,1975,60,.91573,.93264002
1910,1975,65,.88183999,.89811999
1905,1975,70,.82301003,.83820999
1900,1975,75,.75296003,.76686001
1895,1975,80,.63792998,.64971
1890,1975,85,.49658,.50575
1885,1975,90,.34185001,.34817001
1880,1975,95,.20985,.21371999
1960,1980,20,.99133998,1.0046
1955,1980,25,.99050999,1.00802
1950,1980,30,.98931003,1.01134
1945,1980,35,.98655999,1.01577
1940,1980,40,.98171002,1.01928
1935,1980,45,.97421002,1.01767
1930,1980,50,.96302003,1.0063601
1925,1980,55,.94638997,.98097998
1920,1980,60,.92084998,.96029001
1915,1980,65,.88634002,.90271002
1910,1980,70,.83412999,.84952998
1905,1980,75,.76367003,.77776998
1900,1980,80,.65110999,.66312999
1895,1980,85,.51201999,.52147001
1890,1980,90,.35620999,.36278999
1885,1980,95,.21873,.22277001
1965,1985,20,.99234998,1.00192
1960,1985,25,.99119002,1.0044399
1955,1985,30,.98917001,1.00666
1950,1985,35,.9867,1.00867
1945,1985,40,.98259997,1.0117
1940,1985,45,.97548002,1.0128
1935,1985,50,.96433997,1.00736
1930,1985,55,.94826001,.99093002
1925,1985,60,.92398,.95775002
1920,1985,65,.89047003,.92860001
1915,1985,70,.83961999,.85513002
1910,1985,75,.77002001,.78424001
1905,1985,80,.65973997,.67192
1900,1985,85,.51749998,.52705997
1895,1985,90,.3547,.36125001
1890,1985,95,.21222,.21614
1970,1990,20,.99286997,1.00024
1965,1990,25,.99277002,.99769002
1960,1990,30,.99111998,.99614
1955,1990,35,.98839998,.99435002
1950,1990,40,.98506999,.99172997
1945,1990,45,.97889,.98846
1940,1990,50,.96860999,.98167002
1935,1990,55,.95257998,.97011
1930,1990,60,.92708999,.95125997
1925,1990,65,.89371002,.91667002
1920,1990,70,.84491998,.86326998
1915,1990,75,.78119999,.77214003
1910,1990,80,.66697001,.65850002
1905,1990,85,.53556001,.54544997
1900,1990,90,.36879,.37560001
1895,1990,95,.22172,.22581001
1975,1995,20,.99357998,.99985999
1970,1995,25,.99397999,.99823999
1965,1995,30,.99220997,.99739999
1960,1995,35,.98962998,.99592
1955,1995,40,.98525,.99351001
1950,1995,45,.97924,.98988998
1945,1995,50,.97007,.98390001
1940,1995,55,.95419002,.97491997
1935,1995,60,.9314,.95709002
1930,1995,65,.90090001,.92470002
1925,1995,70,.85207999,.87338001
1920,1995,75,.77548999,.82227999
1915,1995,80,.67153001,.70412999
1910,1995,85,.52767998,.53742999
1905,1995,90,.35427999,.36083001
1900,1995,95,.20345999,.20722
1980,2000,20,.99353999,.99978
1975,2000,25,.99414998,.99822998
1970,2000,30,.99316001,.99785
1965,2000,35,.99045002,.99680001
1960,2000,40,.98596001,.99474001
1955,2000,45,.97898,.99147999
1950,2000,50,.97044998,.98602998
1945,2000,55,.95682001,.97757
1940,2000,60,.93655998,.96377999
1935,2000,65,.90767998,.94042999
1930,2000,70,.86149001,.90570998
1925,2000,75,.79503,.82112002
1920,2000,80,.68624002,.71810001
1915,2000,85,.52806997,.53783
1910,2000,90,.34406,.35042
1905,2000,95,.18886,.19234
1985,2005,20,.99338001,.99953002
1980,2005,25,.99362999,.99835998
1975,2005,30,.99278998,.99807
1970,2005,35,.99084997,.99721003
1965,2005,40,.98659003,.99545997
1960,2005,45,.97982001,.99276
1955,2005,50,.97008997,.98781002
1950,2005,55,.95829999,.98070002
1945,2005,60,.93981999,.96973002
1940,2005,65,.91491997,.95240003
1935,2005,70,.87418997,.91869998
1930,2005,75,.81228,.85702002
1925,2005,80,.70776999,.75213999
1920,2005,85,.55770999,.58159
1915,2005,90,.36568001,.37244001
1910,2005,95,.20096,.20467
1990,2010,20,.99361002,1.00016
1985,2010,25,.99365002,.99840999
1980,2010,30,.99261999,.99800998
1975,2010,35,.99112999,.99719
1970,2010,40,.98768002,.99576002
1965,2010,45,.98091,.99313003
1960,2010,50,.97099,.98891002
1955,2010,55,.95819002,.98176003
1950,2010,60,.94155002,.97162002
1945,2010,65,.91779,.95536
1940,2010,70,.88050002,.92618001
1935,2010,75,.81963003,.86928999
1930,2010,80,.72239,.77016002
1925,2010,85,.58723003,.60869002
1920,2010,90,.38760999,.40421
1915,2010,95,.21798,.222
1995,2015,20,.99267,.99922001
1990,2015,25,.99194002,.99848002
1985,2015,30,.99031001,.99782997
1980,2015,35,.98848999,.99703002
1975,2015,40,.98613,.99572003
1970,2015,45,.98014998,.99342
1965,2015,50,.97039998,.98965001
1960,2015,55,.95642,.98343998
1955,2015,60,.93893999,.97280002
1950,2015,65,.91618001,.95708001
1945,2015,70,.87817001,.93011999
1940,2015,75,.82081997,.88028002
1935,2015,80,.72523999,.77897
1930,2015,85,.59946001,.62643999
1925,2015,90,.42908001,.44477001
1920,2015,95,.25123999,.26199999
2000,2020,20,.99321002,.99975997
1995,2020,25,.99133998,.99787998
1990,2020,30,.99032998,.99686003
1985,2020,35,.98942,.99554998
1980,2020,40,.98738003,.99357003
1975,2020,45,.98303002,.98923999
1970,2020,50,.97490001,.98214
1965,2020,55,.96284002,.97213
1960,2020,60,.94726998,.95994002
1955,2020,65,.92615998,.94253999
1950,2020,70,.89261001,.91249001
1945,2020,75,.83644998,.86120999
1940,2020,80,.74471003,.77319998
1935,2020,85,.60851997,.63567001
1930,2020,90,.43610999,.45574
1925,2020,95,.25244001,.26166999
2005,2025,20,.99331999,.99987
2000,2025,25,.99127001,.99781001
1995,2025,30,.99023998,.99677002
1990,2025,35,.98935997,.99588001
1985,2025,40,.98773998,.99386001
1980,2025,45,.98376,.98992997
1975,2025,50,.97641999,.98259002
1970,2025,55,.96524,.97241002
1965,2025,60,.95096999,.96013999
1960,2025,65,.93131,.94376999
1955,2025,70,.89985001,.91576999
1950,2025,75,.84663999,.86549002
1945,2025,80,.75821,.78065997
1940,2025,85,.62370002,.64757001
1935,2025,90,.44876999,.46878999
1930,2025,95,.25918999,.27085999
2010,2030,20,.99357003,1.0001301
2005,2030,25,.99135,.99789
2000,2030,30,.99032003,.99685001
1995,2030,35,.98965001,.99616998
1990,2030,40,.98825997,.99476999
1985,2030,45,.98492998,.99102002
1980,2030,50,.97833002,.98447001
1975,2030,55,.96846998,.97459
1970,2030,60,.95608002,.96318001
1965,2030,65,.93870002,.94775999
1960,2030,70,.91039997,.92258
1955,2030,75,.86141002,.87664002
1950,2030,80,.77829999,.79563999
1945,2030,85,.64789999,.66707999
1940,2030,90,.47082999,.48884001
1935,2030,95,.27083999,.28292
2015,2035,20,.99374998,1.0003
2010,2035,25,.99146003,.99800003
2005,2035,30,.99043,.99697
2000,2035,35,.98984998,.99637997
1995,2035,40,.98863,.99514002
1990,2035,45,.98544002,.99194002
1985,2035,50,.97944999,.98550999
1980,2035,55,.97024,.97632998
1975,2035,60,.95915002,.96521002
1970,2035,65,.94326001,.95027
1965,2035,70,.91702002,.92585999
1960,2035,75,.87064999,.88229001
1955,2035,80,.79082,.80480999
1950,2035,85,.66332,.67808998
1945,2035,90,.48557001,.49994999
1940,2035,95,.27899,.28966001
2020,2040,20,.99392998,1.0004801
2015,2040,25,.99162,.99816
2010,2040,30,.99061,.99715
2005,2040,35,.99011999,.99664998
2000,2040,40,.98901999,.99554002
1995,2040,45,.98606002,.99256003
1990,2040,50,.98034,.98680001
1985,2040,55,.97185999,.97786999
1980,2040,60,.96166998,.9677
1975,2040,65,.94729,.95327002
1970,2040,70,.92307001,.92992002
1965,2040,75,.87932003,.88779998
1960,2040,80,.80269998,.81344002
1955,2040,85,.67804998,.69003999
1950,2040,90,.50002003,.51115
1945,2040,95,.28744999,.29596001
2025,2045,20,.99409997,1.0006599
2020,2045,25,.99181002,.99835002
2015,2045,30,.99084002,.99738002
2010,2045,35,.99041998,.99694997
2005,2045,40,.98944002,.99596
2000,2045,45,.98667002,.99317998
1995,2045,50,.98131001,.98777997
1990,2045,55,.97323,.97965002
1985,2045,60,.96398002,.96994001
1980,2045,65,.95068997,.95665002
1975,2045,70,.92851001,.93436998
1970,2045,75,.88740999,.89399999
1965,2045,80,.81405997,.82191002
1960,2045,85,.69235998,.70161998
1955,2045,90,.51425999,.52336001
1950,2045,95,.29598001,.30256999
2030,2050,20,.99426001,1.00081
2025,2050,25,.99201,.99856001
2020,2050,30,.99109,.99761999
2015,2050,35,.99072999,.99725997
2010,2050,40,.98983997,.99637002
2005,2050,45,.98724997,.99375999
2000,2050,50,.98219001,.98866999
1995,2050,55,.97457999,.98101002
1990,2050,60,.96583998,.97220999
1985,2050,65,.95359999,.95950001
1980,2050,70,.93294001,.93879998
1975,2050,75,.8944,.90004998
1970,2050,80,.82424998,.83037001
1965,2050,85,.70552999,.71232998
1960,2050,90,.52766001,.53470999
1955,2050,95,.30414,.30952001
2035,2055,20,.99440002,1.00096
2030,2055,25,.99221998,.99875998
2025,2055,30,.99133003,.99787003
2020,2055,35,.99102998,.99756998
2015,2055,40,.99023002,.99676001
2010,2055,45,.9878,.99431002
2005,2055,50,.98302001,.98949999
2000,2055,55,.97582,.98225999
1995,2055,60,.96763003,.97402
1990,2055,65,.95604002,.96234
1985,2055,70,.93686002,.94265997
1980,2055,75,.90038002,.90603
1975,2055,80,.83341998,.83868998
1970,2055,85,.71783,.72316003
1965,2055,90,.54048997,.54570001
1960,2055,95,.31211999,.31628999
2040,2060,20,.99453002,1.00109
2035,2060,25,.99242002,.99896002
2030,2060,30,.99158001,.99811
2025,2060,35,.99132001,.99786001
2020,2060,40,.99058998,.99712998
2015,2060,45,.98830998,.99482
2010,2060,50,.98378998,.99027002
2005,2060,55,.97697002,.98341
2000,2060,60,.96926999,.97566003
1995,2060,65,.95835,.96467
1990,2060,70,.94022,.94642001
1985,2060,75,.90573001,.91132998
1980,2060,80,.84149998,.84678
1975,2060,85,.72921002,.73381001
1970,2060,90,.55286002,.55695999
1965,2060,95,.32001999,.32311001
2045,2065,20,.99465001,1.00121
2040,2065,25,.99261999,.99915999
2035,2065,30,.99181998,.99835998
2030,2065,35,.99159998,.99813998
2025,2065,40,.99093997,.99747002
2020,2065,45,.98878998,.99531001
2015,2065,50,.98452997,.99102002
2010,2065,55,.97807997,.98452002
2005,2065,60,.97082001,.97722
2000,2065,65,.96052998,.96687001
1995,2065,70,.94349003,.94971001
1990,2065,75,.91058999,.91658998
1985,2065,80,.84906,.85431999
1980,2065,85,.73978001,.74441999
1975,2065,90,.56489003,.56844997
1970,2065,95,.32804999,.33048001
2050,2070,20,.99475998,1.00132
2045,2070,25,.99282002,.99936002
2040,2070,30,.99206001,.99860001
2035,2070,35,.99185997,.99839997
2030,2070,40,.99125999,.99778998
2025,2070,45,.98923999,.99576002
2020,2070,50,.98521,.99171001
2015,2070,55,.97911,.98556
2010,2070,60,.97226,.97867
2005,2070,65,.96253997,.96889001
2000,2070,70,.9465,.95275003
1995,2070,75,.9152,.92123997
1990,2070,80,.85595,.86159998
1985,2070,85,.74966002,.7543
1980,2070,90,.57615,.57977003
1975,2070,95,.33592999,.33805001
2055,2075,20,.99487001,1.00143
2050,2075,25,.99300998,.99956
2045,2075,30,.99229002,.99883002
2040,2075,35,.99212003,.99866003
2035,2075,40,.99155998,.99809998
2030,2075,45,.98966002,.99619001
2025,2075,50,.98585999,.99236
2020,2075,55,.98009002,.98654997
2015,2075,60,.97362,.98004001
2010,2075,65,.96443999,.97079998
2005,2075,70,.94932997,.95559001
2000,2075,75,.91955,.92561001
1995,2075,80,.86262,.86830997
1990,2075,85,.759,.764
1985,2075,90,.58701998,.59065002
1980,2075,95,.34351999,.34568
2060,2080,20,.99497002,1.0015301
2055,2080,25,.99321002,.99975997
2050,2080,30,.99252999,.99906999
2045,2080,35,.99237001,.99892002
2040,2080,40,.99185002,.99839002
2035,2080,45,.99006999,.99659997
2030,2080,50,.98648,.99299002
2025,2080,55,.98102999,.98750001
2020,2080,60,.97494,.98136997
2015,2080,65,.96627998,.97264999
2010,2080,70,.95208001,.95836002
2005,2080,75,.92378002,.92987001
2000,2080,80,.86918998,.87492001
1995,2080,85,.76848,.77354002
1990,2080,90,.59798002,.60193002
1985,2080,95,.35135001,.35352001
2065,2085,20,.99507999,1.00164
2060,2085,25,.99340999,.99996001
2055,2085,30,.99277002,.99931002
2050,2085,35,.99261999,.99917001
2045,2085,40,.99214,.99868
2040,2085,45,.99045998,.99699003
2035,2085,50,.98707998,.99359
2030,2085,55,.98194999,.98842001
2025,2085,60,.97621,.98264003
2020,2085,65,.96805,.97443002
2015,2085,70,.95472002,.96100998
2010,2085,75,.92785001,.93396997
2005,2085,80,.87550998,.88128
2000,2085,85,.77771997,.78284001
1995,2085,90,.60899001,.61300999
1990,2085,95,.35918999,.36155999
2070,2090,20,.99518001,1.00174
2065,2090,25,.99361002,1.00017
2060,2090,30,.99300998,.99956
2055,2090,35,.99287999,.99941999
2050,2090,40,.99242002,.99896002
2045,2090,45,.99084002,.99738002
2040,2090,50,.98767,.99418002
2035,2090,55,.98284,.98931998
2030,2090,60,.97744,.98387998
2025,2090,65,.96976,.97615999
2020,2090,70,.95727998,.96359998
2015,2090,75,.93184,.93798
2010,2090,80,.88176,.88757002
2005,2090,85,.78693002,.79211998
2000,2090,90,.62023002,.62431997
1995,2090,95,.36752,.36995
2075,2095,20,.99528003,1.00184
2070,2095,25,.99381,1.00036
2065,2095,30,.99325001,.99980003
2060,2095,35,.99312001,.99967003
2055,2095,40,.99269003,.99923003
2050,2095,45,.99120998,.99773997
2045,2095,50,.98821998,.99474001
2040,2095,55,.98369002,.99017
2035,2095,60,.97860003,.98505998
2030,2095,65,.97139001,.97779
2025,2095,70,.95971,.96604002
2020,2095,75,.93563998,.94181001
2015,2095,80,.88777,.89362001
2010,2095,85,.79593003,.80116999
2005,2095,90,.63137001,.63552999
2000,2095,95,.37603,.37851
