year,Gini_dta_5yr,Gini_data_wealth_trend,psid_ntx_govt__,psid_nts_govt__,psid_ntp_govt__,psid_ntl_govt__,psid_ntk_govt__,psid_ntc_govt__,psid_nsh_govt__,psid_nls_govt__,psid_nlb_govt__,psid_nga_govt__,psid_nds_govt__,psid_ndp_govt__,psid_ndo_govt__,psid_ndm_govt__,psid_ncs_govt__,psid_ncp_govt__,psid_all_govt__,nstr_ndm_govt__,nstr_all_govt__,ndel_ndm_govt__,ndel_all_govt__,hrat_ndm_govt__,hrat_all_govt__,gcbo_ndm_govt__,gcbo_all_govt__,exor_all_govt__,crr3_ndm_govt__,crr3_all_govt__,beqs_ndm_govt__,beqs_all_govt__,_merge
1945,.8003006,.8069576,.74642926,.74685216,.74576426,.74658519,.74610305,.74550337,.73027939,.74617606,.73085225,.74654818,.74043578,.74581325,.75518435,.74979568,.74615294,.74607706,.74584442,.71771443,.71359468,.55433452,.5513311,.75297534,.75519449,.75164628,.74774587,.73944062,.71577179,.71152461,.7424491,.7421335,3
1950,.80781406,.80206454,.74218988,.74270725,.74066263,.74217522,.74132258,.74019456,.725788,.74146241,.72694552,.74205101,.73298818,.7406252,.74869603,.74083048,.74138534,.74117416,.74072552,.71111196,.71064514,.53199536,.53436899,.74476945,.74987173,.74218476,.74210298,.72860986,.70710373,.70672888,.73555565,.73568028,3
1955,.79963416,.79687089,.73854065,.73909837,.73549759,.73814261,.73671734,.73470646,.72029513,.73696798,.72239357,.73781615,.7256099,.73527241,.7424888,.73219699,.73676252,.73630887,.73551232,.70373052,.70643121,.51313126,.51969957,.73609382,.74407232,.73325998,.73658234,.72312039,.6989134,.70188373,.72675514,.72814667,3
1960,.80923545,.79133832,.73389733,.73600405,.7301749,.73381484,.73258358,.72960395,.71468687,.73282766,.71770555,.73428416,.71925706,.730281,.73757774,.72531128,.73263621,.73182696,.73076421,.696558,.7013185,.50531518,.51406032,.72903442,.7387206,.72608268,.73152769,.72547042,.6935966,.69857901,.71803808,.72085553,3
1965,.78853381,.78556502,.72959089,.73338985,.72473389,.72922444,.72905296,.72513968,.70915908,.72929674,.71278256,.73083943,.7137593,.72538018,.73356974,.71990347,.72864872,.72742349,.72619689,.69031435,.69603008,.50752288,.51704806,.7235443,.73378241,.72029966,.7265842,.72978103,.69073093,.6964345,.71129632,.71559429,3
1970,.7842024,.78051955,.72713971,.73035222,.72027773,.72345805,.72678471,.72068912,.70420444,.72592962,.70806271,.72652155,.70860165,.72025299,.7292276,.7147038,.72415644,.72271937,.72139221,.68569821,.69208413,.50895554,.51967138,.71888614,.72901952,.71474785,.72142011,.72546917,.68891877,.69510019,.70585674,.71147513,3
1975,.74848241,.7772938,.72831166,.72748435,.71924698,.72004217,.72492731,.71836245,.70216322,.72361153,.70576513,.72295582,.70466578,.71676493,.72477871,.70909691,.72063404,.71963412,.71818179,.68319494,.69193655,.50447845,.51899153,.71355933,.7252295,.70895505,.71799153,.71102154,.68701547,.69520223,.70159692,.70895565,3
1980,.77336997,.77715337,.73266625,.72953182,.72452068,.72188073,.72687566,.7220782,.70688641,.72667575,.70979297,.72530127,.70637602,.71921289,.72669613,.709553,.72279102,.7224775,.72104543,.68750995,.69840157,.50221658,.52166641,.71338481,.72690958,.70936263,.72077322,.701051,.69148242,.70129681,.70644033,.71460235,3
1985,.78572822,.77991647,.73757535,.73321205,.72905886,.72689575,.73111904,.72739285,.7115612,.73135024,.71359766,.72979778,.70997709,.72331125,.73138076,.71278298,.72688222,.72716075,.72575587,.69121355,.70375299,.50560868,.5286386,.71603388,.73075372,.71265686,.72552437,.69758528,.69568849,.70655638,.71173173,.72056603,3
1990,.77975559,.78524148,.74219757,.73774433,.73269254,.73264569,.73584098,.73256761,.71590805,.736803,.71673059,.7346496,.7136333,.72735465,.73687881,.71672601,.73114443,.73172623,.73062795,.69479442,.70860475,.50926024,.53542203,.7202273,.73546565,.71678233,.73060805,.70515698,.69856113,.71034735,.71516573,.72496003,3
1995,.79024619,.7930994,.74527645,.74233931,.73557937,.73532188,.74121648,.73690063,.71957535,.74225795,.71857965,.73865157,.71673214,.73054117,.74221414,.72074914,.73440391,.7349596,.73464632,.69872141,.7128377,.51407701,.54117733,.72591269,.74034142,.72103441,.73496807,.71844208,.69993728,.71208322,.71656597,.72720027,3
2000,.80281365,.8032012,.74978548,.74809277,.73931903,.73986506,.7462666,.74168324,.72365355,.74873233,.72019815,.74339414,.72056103,.73416263,.7478705,.72523886,.73799372,.73821068,.7391811,.70302504,.7175917,.52391481,.5517419,.73158479,.74549562,.72570521,.73986208,.72885835,.70248002,.71513313,.718059,.72989988,3
2005,.81108117,.81511295,.75589097,.75384355,.74384081,.74593401,.75228196,.74700832,.72798878,.75529754,.72167015,.74881005,.72544438,.7386719,.75396997,.73036474,.74208719,.74186498,.74448615,.70747632,.72265327,.53687632,.56654555,.7368601,.75102854,.73093462,.74547553,.73265028,.70606649,.71970755,.71947122,.73291582,3
2010,.83509618,.8283661,.76087856,.75826836,.74806839,.75170809,.75694567,.75193727,.73196375,.76071817,.72308993,.75370544,.72985965,.74281168,.75945169,.73454678,.74590206,.74524593,.74938691,.71116906,.72742838,.550165,.58160603,.74050081,.75564784,.73528987,.75068235,.73206431,.70960808,.72460705,.72156405,.73615897,3
2015,.85074395,.84225714,.76521498,.76420313,.75301075,.75735921,.76315492,.75818181,.73753983,.76760823,.7265529,.75995332,.73599917,.74824667,.76703674,.74147964,.75111836,.75031281,.75557154,.71789205,.73364806,.56937814,.59852421,.74718177,.76166171,.74248415,.75731915,.73487973,.71639186,.73129588,.72887617,.7425819,3
1935,,,.75231606,.75231606,.75231606,.75231606,.75231606,.75231606,.7356239,.75231606,.7356239,.75231606,.75231606,.75231606,.75231606,.75231606,.75231606,.75231606,.75231606,.71692729,.71692729,.57260364,.57260364,.75607383,.75607383,.75615495,.75615495,.75365525,.71855831,.71855831,.74779302,.74779302,2
1940,,,.75013691,.75038034,.74992061,.750278,.75005442,.74979317,.73359215,.75008178,.73381513,.75026894,.74691212,.74997258,.76116902,.75817531,.75008357,.75006461,.74997008,.72381169,.71553493,.57465512,.56654137,.76063538,.75977904,.76078445,.752648,.74638826,.72453952,.7158401,.74572051,.74660629,2
2020,,,.76694185,.76701367,.755059,.75976765,.76576006,.76083219,.7400654,.77078396,.72780377,.76255029,.7391991,.75075328,.77091801,.74486303,.75331759,.75221008,.75822586,.72174394,.73674572,.58178228,.60863572,.75070089,.76434165,.7464332,.76074505,.73800057,.7192893,.73407376,.73403704,.74579632,2
2025,,,.76799113,.76858747,.75631505,.76131117,.76742232,.76242495,.74196649,.7729165,.72847545,.76417035,.74249971,.75205457,.77347094,.74765497,.75448918,.75327784,.75988549,.725344,.73931891,.59237897,.61672246,.75359613,.76607627,.74963492,.76310492,.73974109,.7212227,.73546475,.73784786,.74789166,2
2030,,,.77027422,.771442,.7587862,.76398939,.77016085,.7650494,.74514967,.77604896,.73028177,.76688516,.74758786,.75461948,.77598035,.75084823,.75644863,.75549382,.76262361,.72945982,.74321955,.60226077,.62605357,.75692397,.76896131,.75296295,.76627398,.74323964,.72356081,.73774177,.74066472,.75018859,2
2035,,,.77274007,.77432543,.76125383,.76662064,.77290624,.76758903,.74822819,.77916896,.73184627,.76958871,.7523452,.75698423,.77793068,.7532391,.75828099,.75769889,.76525813,.73263085,.74702001,.60891134,.63474262,.75949126,.77175796,.75536299,.7691884,.74617839,.72527558,.7397843,.7418189,.75236136,2
2040,,,.77568704,.77756524,.7640866,.76958221,.77602571,.77047551,.75147557,.7826885,.73360699,.77264875,.75670868,.75954944,.78031337,.75556624,.76043957,.76025373,.76820427,.73564076,.75097942,.61414462,.64365304,.76202869,.77485269,.75777453,.7724545,.74892336,.72741437,.74251628,.7420395,.75455815,2
2045,,,.77911073,.78113496,.76739401,.77296513,.77951264,.77381349,.75502145,.78636813,.73577148,.77611202,.76032782,.76252806,.7833221,.75789464,.76318383,.76338297,.77156639,.73858207,.75523096,.6188063,.65266752,.76455218,.77835691,.76020598,.77612853,.75157928,.73018235,.74612874,.74358279,.75755829,2
2050,,,.78204066,.78416973,.770226,.77584153,.78246677,.77669644,.7581051,.78946024,.73757839,.77906007,.76263541,.76504081,.78630102,.75986457,.76535535,.76601952,.77443838,.7409997,.7587955,.62231451,.65983874,.76666367,.78137374,.76227522,.77931488,.75372279,.73269236,.74947101,.74552459,.76008737,2
2055,,,.78398353,.78622472,.77215517,.777798,.78449488,.77867895,.76024568,.79162216,.73860633,.78108197,.76396251,.76667589,.78861254,.76117158,.76663244,.76776075,.77639782,.74264205,.76128054,.62453681,.6643908,.76805425,.78350258,.76366061,.78155142,.75510705,.73443115,.75188947,.74717832,.76168203,2
2060,,,.78505319,.78742188,.77324855,.77889389,.78562766,.77979237,.76155651,.79293114,.7390278,.78222418,.76506257,.76754612,.79001319,.76188552,.76714706,.7686848,.7775023,.74358255,.76284969,.62556422,.66670102,.76878083,.78480905,.7643798,.78282243,.75611609,.73515522,.75318313,.7491262,.76285636,2
2065,,,.78583413,.78833663,.77405083,.77968985,.78644741,.78058708,.76252764,.79396755,.73943257,.78306633,.76656276,.76813829,.79075319,.76222616,.76759142,.76938748,.7783041,.74407691,.76401496,.62634885,.66835892,.76908809,.78577834,.76466465,.78368586,.75694317,.73535585,.7540378,.75080478,.7639581,2
2070,,,.78645259,.78908509,.77470183,.78033066,.78710043,.78121138,.76323754,.79482561,.73989743,.7837435,.76825202,.76860893,.79101503,.76231188,.76814371,.77002001,.77894819,.74425727,.76495028,.6269933,.6698423,.76911086,.78652745,.76466382,.7843008,.75765508,.73530167,.75465864,.75154138,.76484013,2
2075,,,.78675967,.78952199,.77506208,.78066862,.78744441,.78152877,.76363277,.79533869,.74028552,.78409845,.76978207,.76884454,.79102027,.76229829,.76857185,.77042174,.77929527,.74427068,.76552916,.62727129,.67110938,.76901227,.78692955,.76456583,.78455698,.7582323,.73510671,.75491118,.75170797,.76546979,2
2080,,,.78696114,.78982359,.77530086,.78089273,.7876696,.78173292,.76386499,.79572314,.74064577,.78433919,.77101338,.76895392,.79108882,.76237637,.76899135,.77074742,.77952182,.74434829,.7659061,.62763649,.67239696,.7690174,.7871682,.76459825,.78470886,.75848591,.73515373,.75511801,.75194889,.76607352,2
2085,,,.78697753,.78989691,.77533782,.78092462,.78769505,.78175282,.76385623,.7958945,.74080175,.78439242,.77181828,.76884878,.79115725,.76244909,.76925832,.77088946,.77955216,.74442858,.7660194,.62797874,.67335886,.76904494,.78718829,.76465952,.78470647,.75823283,.73536879,.75525033,.75229293,.76650041,2
2090,,,.7868138,.78975618,.77519351,.78077257,.78753519,.78159589,.7636686,.79584384,.74076492,.7842561,.77230525,.76858056,.79107463,.76237911,.76932287,.77084047,.77940094,.74438572,.76593316,.62787896,.67372507,.76895106,.78703117,.76458848,.78454942,.75768721,.7354691,.75524026,.75257987,.76666451,2
2095,,,.78697973,.78989869,.77539891,.78095639,.78770226,.78178048,.76385987,.79604715,.74108225,.78443962,.77282625,.76870215,.79091763,.76222807,.76968336,.77112556,.77959192,.74428624,.76619571,.62749225,.67430478,.76878899,.7872104,.7644369,.78473592,.75749457,.73543483,.75557363,.7528078,.76690149,2
2100,,,.78699732,.78989273,.77545452,.78099185,.78772277,.78181678,.76392394,.79605997,.74120212,.78446943,.7731148,.76871741,.79080188,.76218307,.76983094,.77123803,.779634,.74430978,.7663179,.62731844,.67440957,.76874316,.78725952,.76439226,.78477687,.75721455,.73544294,.75572598,.75305593,.76704627,2
2105,,,.78699255,.7898854,.77548391,.78100336,.78772038,.78182679,.76398438,.79606336,.74126607,.78447813,.77345663,.7687121,.79078168,.76227731,.76989502,.7713021,.77965039,.74448013,.76642758,.62743336,.67429978,.76885003,.78729862,.76448703,.78479141,.75713521,.73552334,.75578028,.75328052,.76713854,2
2110,,,.78714532,.79004103,.77566302,.78116858,.78787357,.7819854,.76419806,.7962321,.7414642,.78464359,.77395326,.76884788,.79086858,.76244354,.7700702,.77150476,.77981669,.74471718,.76668918,.62768126,.6745289,.76903945,.7874853,.76465201,.78495759,.75728834,.73568189,.75592363,.75347143,.76739508,2
2115,,,.78748292,.79037189,.77602547,.78152037,.78820711,.78233099,.76458043,.79657829,.74183333,.78499556,.77446222,.76916552,.79105002,.76262003,.77040988,.77188635,.78016734,.74495536,.7671209,.6279512,.67519444,.76924568,.78784591,.76482528,.78530759,.75762206,.7358914,.75625128,.75366908,.76785207,2
2120,,,.78778726,.79066145,.77635366,.78184211,.78850484,.78265125,.76490808,.79688179,.74214739,.78531748,.77476251,.7694571,.79127246,.76277137,.77070898,.77222759,.78048772,.7451598,.76749814,.62818509,.67584366,.76942569,.78817374,.76497215,.78562731,.75790733,.73609895,.75656921,.75390321,.76826406,2
2125,,,.7879414,.79080051,.77652878,.78201431,.78865415,.78282541,.76507127,.79702866,.74229729,.78548861,.77485019,.76961011,.79147005,.76288396,.7708565,.77240938,.78065932,.74531209,.76770788,.62835801,.67619193,.76955765,.7883563,.76507956,.78579605,.75805926,.73624957,.7567367,.7541548,.76849765,2
2130,,,.78799766,.79084665,.77660334,.78208721,.78870851,.78290027,.76513225,.79707426,.74235314,.78555906,.77488112,.76967686,.79160744,.76296669,.77091122,.77248722,.78073245,.74542576,.76780975,.62850696,.67628795,.76964819,.78844166,.765158,.78586435,.75815302,.73633242,.75679171,.75442302,.76861328,2
2135,,,.78802741,.79087204,.77664798,.7821309,.78873956,.78294301,.76516742,.79709285,.74240047,.78559923,.77497709,.7697227,.79167813,.76302934,.77095157,.77253568,.78077585,.74550849,.76787806,.62866271,.67628342,.76970959,.78849524,.76521838,.78590262,.75824612,.73636562,.75680459,.75468534,.76869202,2
2140,,,.78806961,.79091221,.7767005,.78218347,.78878492,.78299153,.7652151,.79712421,.74248499,.78564829,.77515358,.76977932,.79169083,.76306474,.77102786,.77259815,.7808277,.74555504,.76795012,.62880683,.67632318,.76973969,.78855062,.76525348,.7859503,.75833857,.73636949,.75682282,.75489593,.76878393,2
2145,,,.78813726,.79097915,.77677488,.78225809,.78885633,.78306073,.76528662,.79718214,.74260455,.78572029,.77535737,.76985788,.79167455,.76307809,.7711373,.77268529,.78090131,.74557412,.76803929,.62890989,.67645919,.76974827,.78862166,.76526731,.78602117,.75843841,.73635995,.75686342,.75503975,.76891029,2
2150,,,.78820246,.79104382,.77684426,.78232801,.78892469,.78312582,.76535279,.79723829,.74271852,.78578848,.77551091,.76993173,.7916528,.76307899,.7712428,.77276754,.78097028,.74557805,.76811725,.62896514,.67662716,.76974684,.78868496,.76526868,.78608853,.75851965,.73634905,.75690645,.75512785,.76903749,2
2155,,,.78823322,.79107386,.77687752,.78236222,.78895789,.78315693,.76538175,.79726112,.74278533,.78582197,.77558166,.76996952,.79163772,.76307768,.77130562,.77281106,.78100365,.74557894,.76815385,.62898993,.67674071,.76974535,.78871346,.76526761,.78612119,.75855273,.73634434,.75692397,.7551834,.76912367,2
2160,,,.78823125,.79107112,.77687687,.78236258,.78895766,.7831558,.76537663,.79725307,.74280429,.78582251,.77559435,.7699725,.79163116,.76307827,.77132386,.7728169,.78100353,.74558103,.76815355,.62899834,.67678183,.7697466,.78871149,.76526821,.78612101,.75854272,.73634601,.75691545,.75522298,.76916707,2
2165,,,.78822172,.79106057,.77686805,.78235459,.78894907,.78314722,.76536524,.79723871,.74280447,.785815,.77558869,.76996642,.79163003,.76307929,.7713238,.77281147,.78099519,.7455827,.76814502,.62899721,.67678857,.76974815,.78870398,.7652691,.78611279,.75852096,.73634976,.75690389,.75525308,.76919252,2
2170,,,.78821999,.79105777,.77686721,.78235388,.78894776,.78314638,.76536381,.79723299,.74280781,.7858147,.77558476,.76996768,.79163092,.76307935,.77132607,.77281225,.78099436,.74558276,.76814479,.62899125,.67679256,.76974839,.78870469,.76526904,.78611195,.75850898,.73635226,.75690377,.75527602,.7692169,2
2175,,,.78822374,.79106033,.77687174,.78235823,.78895158,.78315085,.76536882,.79723346,.74281424,.78581929,.77558249,.76997393,.79163194,.76307833,.77133125,.77281755,.78099871,.74558145,.76814991,.62898475,.67679459,.76974726,.78871024,.76526791,.78611612,.75850606,.7363528,.7569114,.75529319,.76923949,2
2180,,,.78822625,.79106182,.77687466,.78236091,.78895396,.78315371,.76537228,.79723364,.74281657,.78582203,.77557826,.76997811,.79163247,.76307684,.77133334,.77282065,.78100139,.74557954,.76815307,.62898022,.67678952,.76974553,.78871387,.76526636,.78611857,.75850463,.73635209,.75691736,.75530583,.76925528,2
2185,,,.78822714,.79106206,.77687567,.78236181,.78895473,.78315473,.76537365,.79723305,.74281573,.78582293,.77557391,.76998007,.79163247,.76307541,.77133298,.77282149,.78100228,.74557781,.76815408,.62897807,.67678159,.76974398,.78871548,.76526493,.78611928,.75850397,.73635101,.75692064,.75531512,.76926655,2
2190,,,.78822696,.7910614,.77687538,.78236145,.7889545,.78315443,.76537335,.79723191,.74281299,.78582257,.77557051,.76998037,.79163224,.76307446,.77133137,.77282089,.78100193,.74557662,.76815361,.62897748,.67677432,.76974285,.78871554,.76526397,.78611887,.7585035,.73635012,.75692165,.75532198,.76927519,2
2195,,,.78822625,.79106045,.77687448,.78236061,.78895372,.78315353,.76537222,.79723072,.74280971,.78582168,.77556843,.76997989,.79163188,.76307386,.7713294,.7728197,.78100109,.7455759,.76815248,.62897754,.67676961,.76974219,.78871489,.76526338,.78611791,.7585032,.7363497,.75692129,.75532699,.76928222,2
2200,,,.78822547,.79105961,.77687359,.78235978,.78895301,.78315264,.76537097,.79722977,.74280679,.78582084,.77556741,.76997924,.79163164,.76307362,.77132773,.77281851,.7810002,.74557561,.76815128,.62897766,.67676747,.76974183,.78871411,.76526314,.78611702,.7585029,.73634952,.75692052,.75533068,.76928794,2
2205,,,.78822494,.79105896,.77687293,.78235918,.78895247,.78315198,.76536989,.79722911,.74280459,.78582019,.775567,.76997876,.79163152,.7630735,.77132654,.77281761,.78099954,.74557543,.76815039,.62897766,.67676705,.76974171,.78871351,.76526302,.78611636,.75850266,.73634958,.7569198,.75533336,.76929229,2
2210,,,.78822464,.79105866,.77687258,.78235883,.78895217,.78315163,.76536918,.79722875,.74280328,.78581989,.77556694,.76997846,.79163146,.76307344,.77132589,.77281713,.78099924,.74557537,.76814991,.62897754,.67676747,.76974159,.7887131,.76526296,.78611606,.75850254,.73634958,.75691944,.75533533,.76929545,2
2215,,,.78822452,.79105854,.77687246,.78235871,.78895205,.78315151,.76536882,.79722857,.7428025,.78581977,.77556688,.76997846,.7916314,.76307338,.77132553,.7728169,.78099912,.74557531,.76814967,.62897742,.67676795,.76974154,.78871292,.7652629,.78611594,.75850248,.73634964,.75691938,.75533676,.7692976,2
2220,,,.78822452,.79105848,.77687246,.78235871,.78895205,.78315151,.7653687,.79722857,.74280208,.78581977,.77556682,.76997846,.7916314,.76307333,.77132535,.77281684,.78099906,.74557525,.76814961,.6289773,.6767683,.76974148,.78871286,.7652629,.78611588,.75850248,.73634964,.7569195,.75533777,.76929903,2
2225,,,.78822452,.79105848,.77687246,.78235871,.78895205,.78315151,.7653687,.79722857,.7428019,.78581977,.77556676,.76997852,.7916314,.76307333,.77132529,.77281684,.78099912,.74557525,.76814961,.62897724,.67676842,.76974148,.78871286,.76526284,.78611594,.75850242,.73634964,.75691962,.75533849,.76929998,2
2230,,,.78822458,.79105848,.77687252,.78235877,.78895205,.78315157,.7653687,.79722857,.74280179,.78581983,.7755667,.76997858,.7916314,.76307327,.77132523,.77281684,.78099912,.74557519,.76814961,.62897718,.67676842,.76974142,.78871286,.76526284,.78611594,.75850242,.73634964,.75691974,.75533903,.76930058,2
2235,,,.78822458,.79105848,.77687252,.78235877,.78895205,.78315157,.7653687,.79722857,.74280167,.78581983,.7755667,.76997864,.7916314,.76307327,.77132517,.77281684,.78099912,.74557519,.76814967,.62897712,.6767683,.76974142,.7887128,.76526284,.78611594,.75850242,.73634958,.75691986,.75533944,.76930106,2
2240,,,.78822458,.79105848,.77687252,.78235877,.78895205,.78315157,.7653687,.79722857,.74280161,.78581983,.77556664,.76997864,.7916314,.76307327,.77132511,.77281684,.78099912,.74557519,.76814961,.62897712,.67676824,.76974142,.7887128,.76526284,.78611594,.75850242,.73634958,.75691986,.75533968,.76930135,2
2245,,,.78822458,.79105848,.77687252,.78235877,.78895205,.78315157,.76536864,.79722852,.74280155,.78581983,.77556664,.76997864,.7916314,.76307327,.77132511,.77281684,.78099912,.74557519,.76814961,.62897712,.67676818,.76974136,.7887128,.76526278,.78611594,.75850242,.73634958,.75691986,.75533986,.76930165,2
2250,,,.78822458,.79105848,.77687252,.78235877,.78895205,.78315157,.76536864,.79722852,.74280155,.78581983,.77556664,.76997864,.7916314,.76307327,.77132511,.77281678,.78099912,.74557519,.76814961,.62897712,.67676812,.76974136,.7887128,.76526278,.78611594,.75850242,.73634958,.75691986,.75534004,.76930183,2
2255,,,.78822452,.79105848,.77687252,.78235871,.78895205,.78315151,.76536864,.79722852,.74280149,.78581983,.77556664,.76997864,.7916314,.76307327,.77132505,.77281678,.78099912,.74557513,.76814961,.62897712,.67676812,.76974136,.7887128,.76526278,.78611594,.75850242,.73634958,.75691986,.7553401,.76930195,2
2260,,,.78822452,.79105848,.77687252,.78235871,.78895205,.78315151,.76536864,.79722852,.74280149,.78581983,.77556664,.76997864,.7916314,.76307327,.77132505,.77281678,.78099912,.74557513,.76814961,.62897712,.67676812,.76974136,.78871274,.76526278,.78611594,.75850242,.73634958,.75691986,.75534016,.76930201,2
2265,,,.78822452,.79105848,.77687252,.78235871,.78895205,.78315151,.76536864,.79722852,.74280143,.78581983,.77556664,.76997864,.7916314,.76307327,.77132505,.77281678,.78099912,.74557513,.76814961,.62897712,.67676812,.76974136,.78871274,.76526278,.78611594,.75850242,.73634958,.75691986,.75534022,.76930207,2
2270,,,.78822452,.79105848,.77687252,.78235871,.78895205,.78315151,.76536864,.79722852,.74280143,.78581977,.77556664,.76997864,.7916314,.76307327,.77132505,.77281678,.78099912,.74557513,.76814961,.62897712,.67676812,.76974136,.78871274,.76526278,.78611594,.75850242,.73634958,.75691986,.75534028,.76930213,2
2275,,,.78822452,.79105848,.77687252,.78235871,.78895205,.78315151,.76536864,.79722852,.74280143,.78581977,.77556664,.76997864,.7916314,.76307327,.77132505,.77281678,.78099912,.74557513,.76814961,.62897712,.67676812,.76974136,.78871274,.76526278,.78611594,.75850242,.73634958,.75691986,.75534028,.76930213,2
2280,,,.78822452,.79105848,.77687252,.78235871,.78895205,.78315151,.76536864,.79722852,.74280143,.78581977,.77556664,.76997864,.7916314,.76307327,.77132505,.77281678,.78099912,.74557513,.76814961,.62897712,.67676812,.76974136,.78871274,.76526278,.78611594,.75850242,.73634958,.75691986,.75534028,.76930219,2
2285,,,.78822452,.79105848,.77687252,.78235871,.78895205,.78315151,.76536864,.79722852,.74280143,.78581977,.77556664,.76997864,.7916314,.76307327,.77132505,.77281678,.78099912,.74557513,.76814961,.62897712,.67676812,.76974136,.78871274,.76526278,.78611594,.75850242,.73634958,.75691986,.75534034,.76930219,2
2290,,,.78822452,.79105848,.77687252,.78235871,.78895205,.78315151,.76536864,.79722852,.74280143,.78581983,.77556664,.76997864,.7916314,.76307327,.77132505,.77281678,.78099912,.74557513,.76814961,.62897712,.67676812,.76974136,.78871274,.76526278,.78611594,.75850242,.73634958,.75691986,.75534034,.76930219,2
2295,,,.78822452,.79105848,.77687252,.78235871,.78895205,.78315151,.76536864,.79722852,.74280143,.78581983,.77556664,.76997864,.7916314,.76307327,.77132505,.77281678,.78099912,.74557513,.76814961,.62897712,.67676812,.76974136,.78871274,.76526278,.78611594,.75850242,.73634958,.75691986,.75534034,.76930219,2
2300,,,.78822452,.79105848,.77687252,.78235871,.78895205,.78315151,.76536864,.79722852,.74280143,.78581983,.77556664,.76997864,.7916314,.76307327,.77132505,.77281678,.78099912,.74557513,.76814961,.62897712,.67676812,.76974136,.78871274,.76526278,.78611594,.75850242,.73634958,.75691986,.75534034,.76930219,2
2305,,,.78822452,.79105848,.77687252,.78235871,.78895205,.78315151,.76536864,.79722852,.74280143,.78581977,.77556664,.76997864,.7916314,.76307327,.77132505,.77281678,.78099912,.74557513,.76814961,.62897712,.67676812,.76974136,.78871274,.76526278,.78611594,.75850242,.73634958,.75691986,.75534034,.76930225,2
2310,,,.78822452,.79105848,.77687252,.78235871,.78895205,.78315151,.76536864,.79722852,.74280143,.78581977,.77556664,.76997864,.7916314,.76307327,.77132505,.77281678,.78099912,.74557513,.76814961,.62897712,.67676812,.76974136,.78871274,.76526278,.78611594,.75850242,.73634958,.75691986,.75534034,.76930225,2
2315,,,.78822452,.79105848,.77687252,.78235871,.78895205,.78315151,.76536864,.79722852,.74280143,.78581977,.77556664,.76997864,.7916314,.76307327,.77132505,.77281678,.78099912,.74557513,.76814961,.62897712,.67676812,.76974136,.78871274,.76526278,.78611594,.75850242,.73634958,.75691986,.75534034,.76930225,2
2320,,,.78822452,.79105848,.77687252,.78235871,.78895205,.78315151,.76536864,.79722852,.74280143,.78581977,.77556664,.76997864,.7916314,.76307327,.77132505,.77281678,.78099912,.74557513,.76814961,.62897712,.67676812,.76974136,.78871274,.76526278,.78611594,.75850242,.73634958,.75691986,.75534034,.76930225,2
2325,,,.78822452,.79105848,.77687252,.78235871,.78895205,.78315151,.76536864,.79722852,.74280143,.78581977,.77556664,.76997864,.7916314,.76307327,.77132505,.77281678,.78099912,.74557513,.76814961,.62897712,.67676812,.76974136,.78871274,.76526278,.78611594,.75850242,.73634958,.75691986,.75534034,.76930225,2
2330,,,.78822452,.79105848,.77687252,.78235871,.78895205,.78315151,.76536864,.79722852,.74280143,.78581977,.77556664,.76997864,.7916314,.76307327,.77132505,.77281678,.78099912,.74557513,.76814961,.62897712,.67676812,.76974136,.78871274,.76526278,.78611594,.75850242,.73634958,.75691986,.75534034,.76930225,2
2335,,,.78822452,.79105848,.77687252,.78235871,.78895205,.78315151,.76536864,.79722852,.74280143,.78581977,.77556664,.76997864,.7916314,.76307327,.77132505,.77281678,.78099912,.74557513,.76814961,.62897712,.67676812,.76974136,.78871274,.76526278,.78611594,.75850242,.73634958,.75691986,.75534034,.76930225,2
2340,,,.78822452,.79105848,.77687252,.78235871,.78895205,.78315151,.76536864,.79722852,.74280143,.78581977,.77556664,.76997864,.7916314,.76307327,.77132505,.77281678,.78099912,.74557513,.76814961,.62897712,.67676812,.76974136,.78871274,.76526278,.78611594,.75850242,.73634958,.75691986,.75534034,.76930225,2
2345,,,.78822452,.79105848,.77687252,.78235871,.78895205,.78315151,.76536864,.79722852,.74280143,.78581977,.77556664,.76997864,.7916314,.76307327,.77132505,.77281678,.78099912,.74557513,.76814961,.62897712,.67676812,.76974136,.78871274,.76526278,.78611594,.75850242,.73634958,.75691986,.75534034,.76930225,2
2350,,,.78822452,.79105848,.77687252,.78235871,.78895205,.78315151,.76536864,.79722852,.74280143,.78581977,.77556664,.76997864,.7916314,.76307327,.77132505,.77281678,.78099912,.74557513,.76814961,.62897712,.67676812,.76974136,.78871274,.76526278,.78611594,.75850242,.73634958,.75691986,.75534034,.76930225,2
2355,,,.78822452,.79105848,.77687252,.78235871,.78895205,.78315151,.76536864,.79722852,.74280143,.78581977,.77556664,.76997864,.7916314,.76307327,.77132505,.77281678,.78099912,.74557513,.76814961,.62897712,.67676812,.76974136,.78871274,.76526278,.78611594,.75850242,.73634958,.75691986,.75534034,.76930225,2
2360,,,.78822452,.79105848,.77687252,.78235871,.78895205,.78315151,.76536864,.79722852,.74280143,.78581977,.77556664,.76997864,.7916314,.76307327,.77132505,.77281678,.78099912,.74557513,.76814961,.62897712,.67676812,.76974136,.78871274,.76526278,.78611594,.75850242,.73634958,.75691986,.75534034,.76930225,2
2365,,,.78822452,.79105848,.77687252,.78235871,.78895205,.78315151,.76536864,.79722852,.74280143,.78581977,.77556664,.76997864,.7916314,.76307327,.77132505,.77281678,.78099912,.74557513,.76814961,.62897712,.67676812,.76974136,.78871274,.76526278,.78611594,.75850242,.73634958,.75691986,.75534034,.76930225,2
2370,,,.78822452,.79105848,.77687252,.78235871,.78895205,.78315151,.76536864,.79722852,.74280143,.78581977,.77556664,.76997864,.7916314,.76307327,.77132505,.77281678,.78099912,.74557513,.76814961,.62897712,.67676812,.76974136,.78871274,.76526278,.78611594,.75850242,.73634958,.75691986,.75534034,.76930225,2
2375,,,.78822452,.79105848,.77687252,.78235871,.78895205,.78315151,.76536864,.79722852,.74280143,.78581977,.77556664,.76997864,.7916314,.76307327,.77132505,.77281678,.78099912,.74557513,.76814961,.62897712,.67676812,.76974136,.78871274,.76526278,.78611594,.75850242,.73634958,.75691986,.75534034,.76930225,2
2380,,,.78822452,.79105848,.77687252,.78235871,.78895205,.78315151,.76536864,.79722852,.74280143,.78581977,.77556664,.76997864,.7916314,.76307327,.77132505,.77281678,.78099912,.74557513,.76814961,.62897712,.67676812,.76974136,.78871274,.76526278,.78611594,.75850242,.73634958,.75691986,.75534034,.76930225,2
2385,,,.78822452,.79105848,.77687252,.78235871,.78895205,.78315151,.76536864,.79722852,.74280143,.78581977,.77556664,.76997864,.7916314,.76307327,.77132505,.77281678,.78099912,.74557513,.76814961,.62897712,.67676812,.76974136,.78871274,.76526278,.78611594,.75850242,.73634958,.75691986,.75534034,.76930225,2
2390,,,.78822452,.79105848,.77687252,.78235871,.78895205,.78315151,.76536864,.79722852,.74280143,.78581977,.77556664,.76997864,.7916314,.76307327,.77132505,.77281678,.78099912,.74557513,.76814961,.62897712,.67676812,.76974136,.78871274,.76526278,.78611594,.75850242,.73634958,.75691986,.75534034,.76930225,2
2395,,,.78822452,.79105848,.77687252,.78235871,.78895205,.78315151,.76536864,.79722852,.74280143,.78581977,.77556664,.76997864,.7916314,.76307327,.77132505,.77281678,.78099912,.74557513,.76814961,.62897712,.67676812,.76974136,.78871274,.76526278,.78611594,.75850242,.73634958,.75691986,.75534034,.76930225,2
2400,,,.78822452,.79105848,.77687252,.78235871,.78895205,.78315151,.76536864,.79722852,.74280143,.78581977,.77556664,.76997864,.7916314,.76307327,.77132505,.77281678,.78099912,.74557513,.76814961,.62897712,.67676812,.76974136,.78871274,.76526278,.78611594,.75850242,.73634958,.75691986,.75534034,.76930225,2
2405,,,.78822452,.79105848,.77687252,.78235871,.78895205,.78315151,.76536864,.79722852,.74280143,.78581977,.77556664,.76997864,.7916314,.76307327,.77132505,.77281678,.78099912,.74557513,.76814961,.62897712,.67676812,.76974136,.78871274,.76526278,.78611594,.75850242,.73634958,.75691986,.75534034,.76930225,2
2410,,,.78822452,.79105848,.77687252,.78235871,.78895205,.78315151,.76536864,.79722852,.74280143,.78581977,.77556664,.76997864,.7916314,.76307327,.77132505,.77281678,.78099912,.74557513,.76814961,.62897712,.67676812,.76974136,.78871274,.76526278,.78611594,.75850242,.73634958,.75691986,.75534034,.76930225,2
2415,,,.78822452,.79105848,.77687252,.78235871,.78895205,.78315151,.76536864,.79722852,.74280143,.78581977,.77556664,.76997864,.7916314,.76307327,.77132505,.77281678,.78099912,.74557513,.76814961,.62897712,.67676812,.76974136,.78871274,.76526278,.78611594,.75850242,.73634958,.75691986,.75534034,.76930225,2
2420,,,.78822452,.79105848,.77687252,.78235871,.78895205,.78315151,.76536864,.79722852,.74280143,.78581977,.77556664,.76997864,.7916314,.76307327,.77132505,.77281678,.78099912,.74557513,.76814961,.62897712,.67676812,.76974136,.78871274,.76526278,.78611594,.75850242,.73634958,.75691986,.75534034,.76930225,2
2425,,,.78822452,.79105848,.77687252,.78235871,.78895205,.78315151,.76536864,.79722852,.74280143,.78581977,.77556664,.76997864,.7916314,.76307327,.77132505,.77281678,.78099912,.74557513,.76814961,.62897712,.67676812,.76974136,.78871274,.76526278,.78611594,.75850242,.73634958,.75691986,.75534034,.76930225,2
2430,,,.78822452,.79105848,.77687252,.78235871,.78895205,.78315151,.76536864,.79722852,.74280143,.78581977,.77556664,.76997864,.7916314,.76307327,.77132505,.77281678,.78099912,.74557513,.76814961,.62897712,.67676812,.76974136,.78871274,.76526278,.78611594,.75850242,.73634958,.75691986,.75534034,.76930225,2
2435,,,.78822452,.79105848,.77687252,.78235871,.78895205,.78315151,.76536864,.79722852,.74280143,.78581977,.77556664,.76997864,.7916314,.76307327,.77132505,.77281678,.78099912,.74557513,.76814961,.62897712,.67676812,.76974136,.78871274,.76526278,.78611594,.75850242,.73634958,.75691986,.75534034,.76930225,2
2440,,,.78822452,.79105848,.77687252,.78235871,.78895205,.78315151,.76536864,.79722852,.74280143,.78581977,.77556664,.76997864,.7916314,.76307327,.77132505,.77281678,.78099912,.74557513,.76814961,.62897712,.67676812,.76974136,.78871274,.76526278,.78611594,.75850242,.73634958,.75691986,.75534034,.76930225,2
2445,,,.78822452,.79105848,.77687252,.78235871,.78895205,.78315151,.76536864,.79722852,.74280143,.78581977,.77556664,.76997864,.7916314,.76307327,.77132505,.77281678,.78099912,.74557513,.76814961,.62897712,.67676812,.76974136,.78871274,.76526278,.78611594,.75850242,.73634958,.75691986,.75534034,.76930225,2
2450,,,.78822452,.79105848,.77687252,.78235871,.78895205,.78315151,.76536864,.79722852,.74280143,.78581977,.77556664,.76997864,.7916314,.76307327,.77132505,.77281678,.78099912,.74557513,.76814961,.62897712,.67676812,.76974136,.78871274,.76526278,.78611594,.75850242,.73634958,.75691986,.75534034,.76930225,2
2455,,,.78822452,.79105848,.77687252,.78235871,.78895205,.78315151,.76536864,.79722852,.74280143,.78581977,.77556664,.76997864,.7916314,.76307327,.77132505,.77281678,.78099912,.74557513,.76814961,.62897712,.67676812,.76974136,.78871274,.76526278,.78611594,.75850242,.73634958,.75691986,.75534034,.76930225,2
2460,,,.78822452,.79105848,.77687252,.78235871,.78895205,.78315151,.76536864,.79722852,.74280143,.78581977,.77556664,.76997864,.7916314,.76307327,.77132505,.77281678,.78099912,.74557513,.76814961,.62897712,.67676812,.76974136,.78871274,.76526278,.78611594,.75850242,.73634958,.75691986,.75534034,.76930225,2
2465,,,.78822452,.79105848,.77687252,.78235871,.78895205,.78315151,.76536864,.79722852,.74280143,.78581977,.77556664,.76997864,.7916314,.76307327,.77132505,.77281678,.78099912,.74557513,.76814961,.62897712,.67676812,.76974136,.78871274,.76526278,.78611594,.75850242,.73634958,.75691986,.75534034,.76930225,2
2470,,,.78822452,.79105848,.77687252,.78235871,.78895205,.78315151,.76536864,.79722852,.74280143,.78581977,.77556664,.76997864,.7916314,.76307327,.77132505,.77281678,.78099912,.74557513,.76814961,.62897712,.67676812,.76974136,.78871274,.76526278,.78611594,.75850242,.73634958,.75691986,.75534034,.76930225,2
2475,,,.78822452,.79105848,.77687252,.78235871,.78895205,.78315151,.76536864,.79722852,.74280143,.78581977,.77556664,.76997864,.7916314,.76307327,.77132505,.77281678,.78099912,.74557513,.76814961,.62897712,.67676812,.76974136,.78871274,.76526278,.78611594,.75850242,.73634958,.75691986,.75534034,.76930225,2
2480,,,.78822452,.79105848,.77687252,.78235871,.78895205,.78315151,.76536864,.79722852,.74280143,.78581977,.77556664,.76997864,.7916314,.76307327,.77132505,.77281678,.78099912,.74557513,.76814961,.62897712,.67676812,.76974136,.78871274,.76526278,.78611594,.75850242,.73634958,.75691986,.75534034,.76930225,2
2485,,,.78822452,.79105848,.77687252,.78235871,.78895205,.78315151,.76536864,.79722852,.74280143,.78581977,.77556664,.76997864,.7916314,.76307327,.77132505,.77281678,.78099912,.74557513,.76814961,.62897712,.67676812,.76974136,.78871274,.76526278,.78611594,.75850242,.73634958,.75691986,.75534034,.76930225,2
2490,,,.78822452,.79105848,.77687252,.78235871,.78895205,.78315151,.76536864,.79722852,.74280143,.78581977,.77556664,.76997864,.7916314,.76307327,.77132505,.77281678,.78099912,.74557513,.76814961,.62897712,.67676812,.76974136,.78871274,.76526278,.78611594,.75850242,.73634958,.75691986,.75534034,.76930225,2
2495,,,.78822452,.79105848,.77687252,.78235871,.78895205,.78315151,.76536864,.79722852,.74280143,.78581977,.77556664,.76997864,.7916314,.76307327,.77132505,.77281678,.78099912,.74557513,.76814961,.62897712,.67676812,.76974136,.78871274,.76526278,.78611594,.75850242,.73634958,.75691986,.75534034,.76930225,2
2500,,,.78822452,.79105848,.77687252,.78235871,.78895205,.78315151,.76536864,.79722852,.74280143,.78581977,.77556664,.76997864,.7916314,.76307327,.77132505,.77281678,.78099912,.74557513,.76814961,.62897712,.67676812,.76974136,.78871274,.76526278,.78611594,.75850242,.73634958,.75691986,.75534034,.76930225,2
2505,,,.78822452,.79105848,.77687252,.78235871,.78895205,.78315151,.76536864,.79722852,.74280143,.78581977,.77556664,.76997864,.7916314,.76307327,.77132505,.77281678,.78099912,.74557513,.76814961,.62897712,.67676812,.76974136,.78871274,.76526278,.78611594,.75850242,.73634958,.75691986,.75534034,.76930225,2
2510,,,.78822452,.79105848,.77687252,.78235871,.78895205,.78315151,.76536864,.79722852,.74280143,.78581977,.77556664,.76997864,.7916314,.76307327,.77132505,.77281678,.78099912,.74557513,.76814961,.62897712,.67676812,.76974136,.78871274,.76526278,.78611594,.75850242,.73634958,.75691986,.75534034,.76930225,2
2515,,,.78822452,.79105848,.77687252,.78235871,.78895205,.78315151,.76536864,.79722852,.74280143,.78581977,.77556664,.76997864,.7916314,.76307327,.77132505,.77281678,.78099912,.74557513,.76814961,.62897712,.67676812,.76974136,.78871274,.76526278,.78611594,.75850242,.73634958,.75691986,.75534034,.76930225,2
2520,,,.78822452,.79105848,.77687252,.78235871,.78895205,.78315151,.76536864,.79722852,.74280143,.78581977,.77556664,.76997864,.7916314,.76307327,.77132505,.77281678,.78099912,.74557513,.76814961,.62897712,.67676812,.76974136,.78871274,.76526278,.78611594,.75850242,.73634958,.75691986,.75534034,.76930225,2
2525,,,.78822452,.79105848,.77687252,.78235871,.78895205,.78315151,.76536864,.79722852,.74280143,.78581977,.77556664,.76997864,.7916314,.76307327,.77132505,.77281678,.78099912,.74557513,.76814961,.62897712,.67676812,.76974136,.78871274,.76526278,.78611594,.75850242,.73634958,.75691986,.75534034,.76930225,2
2530,,,.78822452,.79105848,.77687252,.78235871,.78895205,.78315151,.76536864,.79722852,.74280143,.78581977,.77556664,.76997864,.7916314,.76307327,.77132505,.77281678,.78099912,.74557513,.76814961,.62897712,.67676812,.76974136,.78871274,.76526278,.78611594,.75850242,.73634958,.75691986,.75534034,.76930225,2
2535,,,.78822452,.79105848,.77687252,.78235871,.78895205,.78315151,.76536864,.79722852,.74280143,.78581977,.77556664,.76997864,.7916314,.76307327,.77132505,.77281678,.78099912,.74557513,.76814961,.62897712,.67676812,.76974136,.78871274,.76526278,.78611594,.75850242,.73634958,.75691986,.75534034,.76930225,2
2540,,,.78822452,.79105848,.77687252,.78235871,.78895205,.78315151,.76536864,.79722852,.74280143,.78581977,.77556664,.76997864,.7916314,.76307327,.77132505,.77281678,.78099912,.74557513,.76814961,.62897712,.67676812,.76974136,.78871274,.76526278,.78611594,.75850242,.73634958,.75691986,.75534034,.76930225,2
2545,,,.78822452,.79105848,.77687252,.78235871,.78895205,.78315151,.76536864,.79722852,.74280143,.78581977,.77556664,.76997864,.7916314,.76307327,.77132505,.77281678,.78099912,.74557513,.76814961,.62897712,.67676812,.76974136,.78871274,.76526278,.78611594,.75850242,.73634958,.75691986,.75534034,.76930225,2
2550,,,.78822452,.79105848,.77687252,.78235871,.78895205,.78315151,.76536864,.79722852,.74280143,.78581977,.77556664,.76997864,.7916314,.76307327,.77132505,.77281678,.78099912,.74557513,.76814961,.62897712,.67676812,.76974136,.7887128,.76526278,.78611594,.75850242,.73634958,.75691986,.75534034,.76930225,2
2555,,,.78822452,.79105848,.77687252,.78235871,.78895205,.78315151,.76536864,.79722852,.74280143,.78581977,.77556664,.76997864,.7916314,.76307327,.77132505,.77281678,.78099912,.74557513,.76814961,.62897712,.67676812,.76974136,.7887128,.76526278,.78611594,.75850242,.73634958,.75691986,.75534034,.76930225,2
2560,,,.78822452,.79105848,.77687252,.78235871,.78895205,.78315151,.76536864,.79722852,.74280143,.78581977,.77556664,.76997864,.7916314,.76307327,.77132505,.77281678,.78099912,.74557513,.76814961,.62897712,.67676812,.76974136,.7887128,.76526278,.78611594,.75850242,.73634958,.75691986,.75534034,.76930225,2
2565,,,.78822452,.79105848,.77687252,.78235871,.78895205,.78315151,.76536864,.79722852,.74280143,.78581977,.77556664,.76997864,.7916314,.76307327,.77132505,.77281678,.78099912,.74557513,.76814961,.62897712,.67676812,.76974136,.7887128,.76526278,.78611594,.75850242,.73634958,.75691986,.75534034,.76930225,2
2570,,,.78822452,.79105848,.77687252,.78235871,.78895205,.78315151,.76536864,.79722852,.74280143,.78581977,.77556664,.76997864,.7916314,.76307327,.77132505,.77281678,.78099912,.74557513,.76814961,.62897712,.67676812,.76974136,.7887128,.76526278,.78611594,.75850242,.73634958,.75691986,.75534034,.76930225,2
2575,,,.78822452,.79105848,.77687252,.78235871,.78895205,.78315151,.76536864,.79722852,.74280143,.78581977,.77556664,.76997864,.7916314,.76307327,.77132505,.77281678,.78099912,.74557513,.76814961,.62897712,.67676812,.76974136,.78871274,.76526278,.78611594,.75850242,.73634958,.75691986,.75534034,.76930225,2
2580,,,.78822452,.79105848,.77687252,.78235871,.78895205,.78315151,.76536864,.79722852,.74280143,.78581977,.77556664,.76997864,.7916314,.76307327,.77132505,.77281678,.78099912,.74557513,.76814961,.62897712,.67676812,.7697413,.7887125,.76526278,.78611594,.75850242,.73634958,.75691986,.75534034,.76930225,2
2585,,,.78822452,.79105848,.77687252,.78235871,.78895205,.78315151,.76536864,.79722852,.74280143,.78581977,.77556664,.76997864,.7916314,.76307327,.77132505,.77281678,.78099912,.74557513,.76814961,.62897712,.67676812,.7697413,.78871191,.76526278,.78611594,.75850242,.73634958,.75691986,.75534034,.76930219,2
2590,,,.78822452,.79105848,.77687252,.78235871,.78895205,.78315151,.76536864,.79722852,.74280143,.78581977,.77556664,.76997864,.7916314,.76307327,.77132505,.77281678,.78099912,.74557513,.76814961,.62897712,.67676812,.76974118,.78871077,.76526278,.78611594,.75850242,.73634958,.75691986,.75534034,.76930213,2
2595,,,.78822452,.79105848,.77687252,.78235871,.78895205,.78315151,.76536864,.79722852,.74280143,.78581977,.77556664,.76997864,.7916314,.76307327,.77132505,.77281678,.78099912,.74557513,.76814961,.62897712,.67676812,.76974094,.78870869,.76526278,.78611594,.75850242,.73634958,.75691986,.7553404,.76930207,2
2600,,,.78822452,.79105848,.77687252,.78235871,.78895205,.78315151,.76536864,.79722852,.74280143,.78581977,.77556664,.76997864,.7916314,.76307327,.77132505,.77281678,.78099912,.74557513,.76814961,.62897712,.67676812,.76974034,.78870547,.76526278,.78611594,.75850242,.73634958,.75691986,.7553404,.76930195,2
2605,,,.78822452,.79105848,.77687252,.78235871,.78895205,.78315151,.76536864,.79722852,.74280143,.78581977,.77556664,.76997864,.7916314,.76307327,.77132505,.77281678,.78099912,.74557513,.76814961,.62897712,.67676812,.7697382,.78869969,.76526278,.78611594,.75850242,.73634958,.75691986,.75534046,.76930177,2
2610,,,.78822452,.79105848,.77687252,.78235871,.78895205,.78315151,.76536864,.79722852,.74280143,.78581977,.77556664,.76997864,.7916314,.76307327,.77132505,.77281678,.78099912,.74557513,.76814961,.62897712,.67676812,.7697323,.788688,.76526278,.78611594,.75850242,.73634958,.75691986,.75534052,.76930147,2
2615,,,.78822452,.79105848,.77687252,.78235871,.78895205,.78315151,.76536864,.79722852,.74280143,.78581977,.77556664,.76997864,.7916314,.76307327,.77132505,.77281678,.78099912,.74557513,.76814961,.62897712,.67676812,.76971906,.78866613,.76526278,.78611594,.75850242,.73634958,.75691986,.7553407,.76930094,2
2620,,,.78822452,.79105848,.77687252,.78235871,.78895205,.78315151,.76536864,.79722852,.74280143,.78581983,.77556664,.76997864,.7916314,.76307327,.77132505,.77281678,.78099912,.74557513,.76814961,.62897712,.67676812,.76969248,.78862727,.76526278,.78611594,.75850242,.73634958,.75691986,.75534093,.76929998,2
2625,,,.78822452,.79105848,.77687252,.78235871,.78895205,.78315151,.76536864,.79722852,.74280143,.78581983,.77556664,.76997864,.7916314,.76307327,.77132505,.77281678,.78099912,.74557513,.76814961,.62897712,.67676812,.76964176,.78856009,.76526278,.78611594,.75850242,.73634958,.75691986,.75534141,.7692982,2
2630,,,.78822452,.79105848,.77687252,.78235871,.78895205,.78315151,.76536864,.79722852,.74280143,.78581983,.77556664,.76997864,.7916314,.76307327,.77132505,.77281678,.78099912,.74557513,.76814961,.62897712,.67676812,.76954466,.78844351,.76526278,.78611594,.75850242,.73634958,.75691986,.75534225,.76929504,2
2635,,,.78822452,.79105848,.77687252,.78235871,.78895205,.78315151,.76536864,.79722852,.74280143,.78581983,.77556664,.76997864,.7916314,.76307327,.77132505,.77281678,.78099912,.74557513,.76814961,.62897712,.67676812,.76935166,.78822911,.76526278,.78611594,.75850242,.73634958,.75691986,.75534403,.7692892,2
2640,,,.78822452,.79105848,.77687252,.78235871,.78895205,.78315151,.76536864,.79722852,.74280143,.78581983,.77556664,.76997864,.7916314,.76307327,.77132505,.77281678,.78099912,.74557513,.76814961,.62897712,.67676812,.76943743,.78829247,.76526278,.78611594,.75850242,.73634958,.75691986,.7553432,.76929063,2
2645,,,.78822452,.79105848,.77687252,.78235871,.78895205,.78315151,.76536864,.79722852,.74280143,.78581983,.77556664,.76997864,.7916314,.76307327,.77132505,.77281678,.78099912,.74557513,.76814961,.62897712,.67676812,.76949281,.78835726,.76526278,.78611594,.75850242,.73634958,.75691986,.75534254,.76929241,2
2650,,,.78822452,.79105848,.77687252,.78235871,.78895205,.78315151,.76536864,.79722852,.74280143,.78581983,.77556664,.76997864,.7916314,.76307327,.77132505,.77281678,.78099912,.74557513,.76814961,.62897712,.67676812,.7695182,.78838927,.76526278,.78611594,.75850242,.73634958,.75691986,.75534219,.76929319,2
2655,,,.78822452,.79105848,.77687252,.78235871,.78895205,.78315151,.76536864,.79722852,.74280143,.78581983,.77556664,.76997864,.7916314,.76307327,.77132505,.77281678,.78099912,.74557513,.76814961,.62897712,.67676812,.76952815,.78840315,.76526278,.78611594,.75850242,.73634958,.75691986,.75534207,.76929343,2
2660,,,.78822452,.79105848,.77687252,.78235871,.78895205,.78315151,.76536864,.79722852,.74280143,.78581983,.77556664,.76997864,.7916314,.76307327,.77132505,.77281678,.78099912,.74557513,.76814961,.62897712,.67676812,.76952946,.78840673,.76526278,.78611594,.75850242,.73634958,.75691986,.75534201,.76929343,2
2665,,,.78822452,.79105848,.77687252,.78235871,.78895205,.78315151,.76536864,.79722852,.74280143,.78581983,.77556664,.76997864,.7916314,.76307327,.77132505,.77281678,.78099912,.74557513,.76814961,.62897712,.67676812,.7695269,.78840494,.76526278,.78611594,.75850242,.73634958,.75691986,.75534201,.76929325,2
2670,,,.78822452,.79105848,.77687252,.78235871,.78895205,.78315151,.76536864,.79722852,.74280143,.78581983,.77556664,.76997864,.7916314,.76307327,.77132505,.77281678,.78099912,.74557513,.76814961,.62897712,.67676812,.76952344,.78840047,.76526278,.78611594,.75850242,.73634958,.75691986,.75534195,.76929295,2
2675,,,.78822452,.79105848,.77687252,.78235871,.78895205,.78315151,.76536864,.79722852,.74280143,.78581983,.77556664,.76997864,.7916314,.76307327,.77132505,.77281678,.78099912,.74557513,.76814961,.62897712,.67676812,.76952064,.78839552,.76526278,.78611594,.75850242,.73634958,.75691986,.75534195,.76929271,2
2680,,,.78822452,.79105848,.77687252,.78235871,.78895205,.78315151,.76536864,.79722852,.74280143,.78581983,.77556664,.76997864,.7916314,.76307327,.77132505,.77281678,.78099912,.74557513,.76814961,.62897712,.67676812,.76951915,.78839213,.76526278,.78611594,.75850242,.73634958,.75691986,.75534195,.76929247,2
2685,,,.78822452,.79105848,.77687252,.78235871,.78895205,.78315151,.76536864,.79722852,.74280143,.78581983,.77556664,.76997864,.7916314,.76307327,.77132505,.77281678,.78099912,.74557513,.76814961,.62897712,.67676812,.76951867,.78839004,.76526278,.78611594,.75850242,.73634958,.75691986,.75534189,.76929235,2
2690,,,.78822452,.79105848,.77687252,.78235871,.78895205,.78315151,.76536864,.79722852,.74280143,.78581983,.77556664,.76997864,.7916314,.76307327,.77132505,.77281678,.78099912,.74557513,.76814961,.62897712,.67676812,.76951879,.78838909,.76526278,.78611594,.75850242,.73634958,.75691986,.75534189,.76929229,2
2695,,,.78822452,.79105848,.77687252,.78235871,.78895205,.78315151,.76536864,.79722852,.74280143,.78581983,.77556664,.76997864,.7916314,.76307327,.77132505,.77281678,.78099912,.74557513,.76814961,.62897712,.67676812,.76951897,.78838885,.76526278,.78611594,.75850242,.73634958,.75691986,.75534183,.76929229,2
2700,,,.78822452,.79105848,.77687252,.78235871,.78895205,.78315151,.76536864,.79722852,.74280143,.78581983,.77556664,.76997864,.7916314,.76307327,.77132505,.77281678,.78099912,.74557513,.76814961,.62897712,.67676812,.76951909,.78838891,.76526278,.78611594,.75850242,.73634958,.75691986,.75534183,.76929229,2
2705,,,.78822452,.79105848,.77687252,.78235871,.78895205,.78315151,.76536864,.79722852,.74280143,.78581983,.77556664,.76997864,.7916314,.76307327,.77132505,.77281678,.78099912,.74557513,.76814961,.62897712,.67676812,.76951903,.78838891,.76526278,.78611594,.75850242,.73634958,.75691986,.75534183,.76929229,2
2710,,,.78822452,.79105848,.77687252,.78235871,.78895205,.78315151,.76536864,.79722852,.74280143,.78581983,.77556664,.76997864,.7916314,.76307327,.77132505,.77281678,.78099912,.74557513,.76814961,.62897712,.67676812,.76951897,.78838885,.76526278,.78611594,.75850242,.73634958,.75691986,.75534183,.76929224,2
2715,,,.78822452,.79105848,.77687252,.78235871,.78895205,.78315151,.76536864,.79722852,.74280143,.78581983,.77556664,.76997864,.7916314,.76307327,.77132505,.77281678,.78099912,.74557513,.76814961,.62897712,.67676812,.76951891,.78838849,.76526278,.78611594,.75850242,.73634958,.75691986,.75534183,.76929224,2
