    11317.0000000000000000,   10545.2986221177870902,    9798.9312766335406195,    9045.2961725240293163,    8284.8054863736069819,    7488.1290190441995946,    6627.7395489030423050,    5718.1373493362425506,    4727.9509883544751574,    3643.1663350775461367,    2532.9156772874248418,    1479.8469242340058827,     693.5923308257354165,     227.4128265211587063,      54.2751399556753782,       7.7523422459525158,
    11690.0000000000000000,   11172.7079154253005981,   10380.7916930853552913,    9599.7188877148164465,    8788.5003016564151039,    7950.0166441020255661,    7036.5948948974773884,    6056.0969654048676603,    5031.0460590176098776,    3913.1830911867782561,    2711.4995054217138204,    1609.5412811426385815,     744.5109549812830210,     248.9094795186910289,      57.0783460897866135,       8.2769590373435218,
    12036.0000000000000000,   11578.3607876300811768,   11039.8644837333595206,   10208.1591903906719381,    9368.7495465431366028,    8472.7296800979875115,    7514.7530319216821226,    6472.5412948519388010,    5373.2114268831028312,    4237.9520573043691911,    2993.0371188862259260,    1780.6146142493696516,     867.2530786634289370,     286.4878058560134946,      67.3748204845554994,       9.2626736207784806,
    12250.0000000000000000,   11944.8871393203735352,   11471.1451806495279016,   10894.2489864142662555,    9995.3190430387749075,    9069.4180271222376177,    8047.0599085537241990,    6967.3786062621475139,    5783.9276304431668905,    4560.5669780297757825,    3298.6948393580314587,    2030.5662348486112023,     989.5587636172679140,     354.2381848934850836,      77.5293267093756953,      11.1862417563596175,
    10936.0000000000000000,   12169.2723929882049561,   11846.6999644937204721,   11336.8182068932383117,   10692.2693404930269025,    9703.6557304015041154,    8650.4111192569143896,    7497.6869061962906926,    6262.4191204735925567,    4928.8895541161991787,    3595.4599164413066319,    2277.5838936749642016,    1141.9702045768653988,     404.7295435207011565,      96.6645116269683484,      12.4178725514644182,
    11529.0000000000000000,   10865.1349544525146484,   12070.9446033481672202,   11707.5014432730022236,   11130.7147078809757659,   10384.3318692810698849,    9263.3038692618974892,    8082.6844756414611766,    6735.9219815949454642,    5361.1317333018605495,    3912.6018660267782252,    2508.9478635127875350,    1291.1167296701601117,     469.8408027066291197,     109.5198108677871147,      15.0013661295624807,
    13885.0000000000000000,   11448.7584509253501892,   10772.7815249374707491,   11923.4373577664664481,   11489.1565960651641944,   10807.0338169396127341,    9919.5292912745117064,    8653.5006469285199273,    7281.7714315900493602,    5782.9235467941416573,    4281.1317977784920004,    2754.4716987574602172,    1455.0392767489902326,     549.3830657774570909,     131.1983514652374652,      17.8331102730149276,
    16845.0000000000000000,   13787.5273466110229492,   11353.8483256918170810,   10646.5245071779736463,   11710.3654255224864755,   11168.3792553711627988,   10356.7044541502673383,    9289.4406489819502895,    7851.4944023932575874,    6313.8056953275499836,    4653.8078704307654334,    3086.3962625400317847,    1661.6351258277675242,     659.8748426107795240,     166.7432599211512922,      23.7783901748546427,
    19669.0000000000000000,   16736.5184721350669861,   13690.7389509216263832,   11243.0345143932845531,   10485.6553529233206064,   11430.7218419814907975,   10754.9255466714457725,    9786.6714216350683273,    8513.7720978780289443,    6929.7290336811984162,    5200.8078905509482865,    3507.1562186490436943,    1970.6023093127625998,     825.8492615907068739,     225.7761791927994182,      35.0210876119306320,
    21551.0000000000000000,   19550.3954756855964661,   16625.0535170434413885,   13572.3139924079732737,   11096.2007791389551130,   10265.6662984190406860,   11049.0502047216832580,   10200.9395857181989413,    9030.8470162213052390,    7552.4823230076453910,    5785.2843756297424989,    3975.1336483442005374,    2285.5084196915313441,    1009.8548463504012034,     294.4317763637933467,      49.4269228079046954,
    21422.0000000000000000,   21421.0469722151756287,   19406.3091564907081192,   16470.7725888352688344,   13400.8958592841408972,   10881.7109437885683292,    9948.4571941337289900,   10516.3752199634818680,    9446.3758824070100673,    8058.4052043651581698,    6346.5775059298484848,    4458.6609537170506883,    2624.8203815902311362,    1183.7790822738566021,     358.5085718824431069,      62.5373105562140168,
    19448.0000000000000000,   21293.2538670301437378,   21255.6766268705541734,   19211.8575967277938616,   16255.8286814004859480,   13151.3709882165276213,   10573.5407323283834558,    9507.5416976643955422,    9797.6861007243169297,    8491.0638072592428216,    6864.0690570973765716,    4982.9517229493385457,    3009.1949039878859367,    1406.9561708254555015,     436.9446831044083410,      79.5566371317288912,
    18243.0000000000000000,   19351.3431658744812012,   21155.6992127083176456,   21068.6260400991159258,   18973.0539719142834656,   15969.7260981581148371,   12808.3830707995894045,   10142.7745441414172092,    8901.9110983939790458,    8867.6899361877949559,    7282.1911754571119673,    5431.1945759674354122,    3369.1730295629135981,    1589.2762220185181832,     498.8925868150158180,      88.9794148444282627,
    19036.0000000000000000,   18155.7985605597496033,   19243.3625156188209075,   20987.2993922160749207,   20817.4885385015222710,   18637.2306035832225461,   15566.0114418909724918,   12324.6107844805173954,    9553.9867169055651175,    8127.2669730615289154,    7703.2736937992676758,    5835.7297220084910805,    3732.0453611633683977,    1780.6752893566570037,     547.2831501747506309,      94.3006732413734312,
    20613.0000000000000000,   18940.2493698596954346,   18053.9447273302139365,   19102.3086606715369271,   20753.7112679701640445,   20462.5497792094283795,   18166.6402020265559258,   15013.2623200694779371,   11677.1990949225964869,    8812.6929954197421466,    7174.5888641966776049,    6316.9153267160318137,    4189.4121512708534283,    2085.7282564106553764,     651.7093720941126094,     110.0750614925863573,
    21741.0000000000000000,   20512.6147415041923523,   18832.8579467650270090,   17926.4840335465669341,   18911.4770387407479575,   20427.0483224810741376,   19964.0820443412339955,   17522.6331395058332419,   14265.3015027998426376,   10833.9883863572358678,    7852.9023883200943601,    5969.9752084738629492,    4658.4724855180147642,    2465.5947502477479247,     810.1385396775731351,     142.1769188473029999,
    23088.0000000000000000,   21633.9499249200016493,   20394.6358224399882602,   18698.7568867978734488,   17746.6428567494222079,   18614.5725226756294433,   19928.0004159471027378,   19252.7691878117111628,   16646.6866967628266138,   13239.4100627777515911,    9655.8393855302510929,    6536.0972465853137692,    4397.0010063664904010,    2758.6935539818359757,     972.1942422409006213,     181.7817129163573213,
    22259.0000000000000000,   22945.9178332800001954,   21474.7809507608908461,   20215.8125963534621405,   18496.4780355105795024,   17470.2248744076932780,   18158.6770703595720988,   19198.9353178496930923,   18254.9226118242986558,   15460.7880562323953200,   11827.5683764819750650,    8080.4620568723166798,    4859.0450224330443234,    2645.6553672661079872,    1186.3377618756171614,     244.7623640143322632,
    22077.0000000000000000,   22118.1454931799999031,   22773.4046865299424098,   21287.2796990801798529,   19995.1062601746489236,   18211.8229724522643664,   17061.7053287985145289,   17521.5546447848792013,   18237.7246860452323745,   16966.1391317199122568,   13856.7926747268666077,    9941.1340248211781727,    6049.5969423707392707,    2971.4438337346423396,    1158.0980158014162953,     300.1448061795796889,
    22467.0000000000000000,   21938.7090096899992204,   21953.7041592447640141,   22580.0498268475203076,   21065.5464976602306706,   19704.3922115303394094,   17811.0151691740065871,   16497.7801381005338044,   16698.2807457008930214,   17032.7363307685991458,   15320.3834261933388916,   11779.5129864867376455,    7574.0609409503931602,    3793.2303739991853035,    1340.0864625503456864,     301.2875139544918852,
    21615.0000000000000000,   22330.0519521599999280,   21780.4508414422489295,   21777.5094376257475233,   22363.3547336717201688,   20786.6717349392092729,   19310.7520510907779681,   17277.2372117893319228,   15801.0429177078476641,   15708.4195207719185419,   15550.2171801802996924,   13243.2458412700434565,    9205.4313098098518822,    4931.0492791989991019,    1795.4711267443440192,     364.7402038847096151,
    21413.0000000000000000,   21486.7798199999997451,   22173.4588900371672935,   21613.1249237024603644,   21580.4168795125915494,   22085.6803632546325389,   20397.4660428418355878,   18768.3701858017084305,   16598.1020165169684333,   14930.8489882168451004,   14435.8851679200415674,   13576.7835914647548634,   10509.6465482426247036,    6131.0345005122726434,    2405.9923282041936545,     503.5793958149508853,
    22118.0000000000000000,   21290.1437690200000361,   21341.1353357426996808,   22010.8841981283585483,   21428.9672669525643869,   21329.5583447550598066,   21698.4746568396585644,   19860.3995380858468707,   18080.1605144903223845,   15748.4700714444898040,   13806.4978290930630465,   12721.0964613443538838,   10928.7245456136497523,    7150.9852649664499040,    3078.1329573271500522,     694.9504090070682878,
    22616.0000000000000000,   21995.9663679799996316,   21151.4567918884786195,   21192.3470742954341404,   21834.5173662051711290,   21195.9767488388424681,   20980.0568942207391956,   21163.5996620824298589,   19180.6541272274007497,   17218.2526849286150536,   14646.0503940442540625,   12273.6213288745893806,   10377.9899442604946671,    7587.8658006101304636,    3690.3597669126129404,     914.7861781085633766,
    22723.0000000000000000,   22496.3432671999980812,   21858.6382912757981103,   21011.2896834762905200,   21032.3124295934794645,   21611.6456787479328341,   20870.2776744380462333,   20494.8240541547020257,   20485.0400548289399012,   18324.7604014651260513,   16091.4464948650656879,   13120.4999168191225181,   10134.4197105771545466,    7337.7029943024763270,    4015.0254782502129274,    1126.3020447754613542,
    22708.0000000000000000,   22607.9429984199996397,   22361.9651850717345951,   21720.9673412441516120,   20861.5302454670345469,   20830.2991719384772296,   21299.3323291810374940,   20416.3512220467855514,   19878.1317241415745229,   19627.0907285126086208,   17199.8035436667851172,   14513.3969565852348751,   10952.5116770086588076,    7287.6403369714289511,    3974.4759989926792514,    1256.6898857092576236,
    22634.0000000000000000,   22598.1218920800019987,   22478.9233110783243319,   22228.0771672995033441,   21574.5897423315072956,   20672.5548220466553175,   20546.5000937182703638,   20862.4368035583793244,   19838.1675053248618497,   19095.0796372598852031,   18493.9308513891119219,   15607.3377168278620957,   12234.0939435340769705,    7999.4767498586161310,    4036.1502131501683834,    1274.6454140449845909,
    22651.0000000000000000,   22529.5674030200025300,   22475.1756800200455473,   22351.1299576871460886,   22086.4667555628439004,   21390.2221439753375307,   20406.9466022988126497,   20148.9047704047261504,   20305.8050840807991335,   19102.6608984696649713,   18058.4251402755144227,   16876.9497006844467251,   13276.3225209362990427,    9066.1695193792929786,    4526.0693073356778768,    1326.3901156180154430,
    22878.0000000000000000,   22551.4943835099984426,   22412.8926311272880412,   22353.9018795682241034,   22216.4058397315930051,   21908.1642554978570843,   21130.6631350759344059,   20033.8927213377719454,   19641.4664916158981214,   19595.5541164171918354,   18125.7303802747665031,   16565.9558952347069862,   14477.2656722067495139,    9971.2834604532672529,    5232.5104543822117193,    1522.8795244318091591,
    23223.0000000000000000,   22782.4907558400009293,   22440.5324615752651880,   22298.2271517818080611,   22226.4417193630761176,   22046.9313202440789610,   21656.9910957781394245,   20765.6188849395111902,   19557.3835778768443561,   18992.8019539489978342,   18650.5291258217985160,   16708.9333901298050478,   14323.7019133727371809,   11012.0743692740325059,    5864.2428257572373695,    1800.6022360185024809,
    23463.0000000000000000,   23131.1437458000000333,   22676.3109072482402553,   22331.9521500173359527,   22178.1835309988309746,   22066.4911319094353530,   21808.4902305066279951,   21303.9559359577324358,   20299.7482472853698710,   18948.3345791526917310,   18130.2383452978392597,   17273.4365344436882879,   14559.3697121977420466,   11033.3045106495483196,    6599.3642710250232994,    2064.2374594197049191,
    23561.0000000000000000,   23375.3978393100005633,   23029.3965524939121678,   22572.8225736346139456,   22218.6420580033627630,   22027.8161120041659160,   21841.6377799085930747,   21473.4555546612500621,   20853.5374736608646344,   19704.0363011651497800,   18138.5036024077417096,   16866.3926653211165103,   15161.9755270020887110,   11351.2201669872192724,    6735.0192492091136955,    2375.5891930960560785,
    23573.0000000000000000,   23478.2808631500010961,   23278.7253752358556085,   22930.5893871733678679,   22465.1637536519192508,   22077.0555389801011188,   21816.8284026075198199,   21526.1521402389043942,   21046.4921810966952762,   20277.9648248408448126,   18913.1647559656812518,   16947.2555644692547503,   14911.1906716987286927,   11962.2346653150434577,    7057.9161570364431100,    2481.0858582364535323,
    23648.6804564559970459,   23490.2387329500015767,   23381.1829108983147307,   23178.8484695879124047,   22821.2242341501842020,   22322.0062948448721727,   21865.5962025344197173,   21501.7011152897248394,   21098.1409841273671191,   20465.5938434240561037,   19464.0572005652029475,   17671.0407693011584342,   14982.6797050320637936,   11764.3747436773101072,    7437.8303016385789306,    2600.0365133177651842,
    23724.6038828983946587,   23565.6534866754482209,   23393.0913271340759820,   23280.8664132427657023,   23068.2992696970577526,   22675.7978084159985883,   22108.2007612713387061,   21549.7645018978873850,   21074.1761264870765444,   20515.8171023039431020,   19644.1552519098695484,   18185.7532975123649521,   15622.5615937534985278,   11820.7769315852692671,    7314.8057529809548214,    2739.9915122031875399,
    23800.7710593755291484,   23641.3103573561202211,   23468.1941918332777277,   23292.7237366568333528,   23169.8306489714450436,   22921.2983780648537504,   22458.6035748155154579,   21788.8648245893600688,   21121.2838538796568173,   20492.5136919892211154,   19692.3626727275332087,   18354.0233913251649938,   16077.6071272925037192,   12325.6199381802216521,    7349.8752792055920509,    2694.6710080448365261,
    23877.1827684400632279,   23717.2101223017234588,   23543.5381721767189447,   23367.5043740171022364,   23181.6314200672204606,   23022.1827567473264935,   22701.7526810881390702,   22134.2063393020580406,   21355.6300707339541987,   20538.3212121882024803,   19669.9946039764545276,   18399.0647849598863104,   16226.3708554337481473,   12684.6339364486502745,    7663.7745394257453881,    2707.5901256228926286,
    23953.8397951570186706,   23793.3535613174863101,   23619.1240422594237316,   23442.5250925197578908,   23256.0553986556660675,   23033.9083283733561984,   22801.6707649793388555,   22373.8433439593864023,   21694.1050530537504528,   20766.1993047280448081,   19713.9635230011481326,   18378.1657413608372735,   16266.1909178462192358,   12802.0029839414037269,    7887.0008236229559770,    2823.2261745524569960,
    24030.7429271118526231,   23869.7414567121923028,   23694.9525786616213736,   23517.7866629385898705,   23330.7183133434919000,   23107.8580461121637200,   22813.2840262661993620,   22472.3181880657029978,   21928.9772808600064309,   21095.3321338338282658,   19932.6951494865497807,   18419.2469972316939675,   16247.7145530333527859,   12833.4195318785223208,    7959.9780793231193456,    2905.4595812310512883,
    24107.8929544185411942,   23946.3745933062018594,   23771.0245604567389819,   23593.2898585219263623,   23405.6209312283681356,   23182.0451773491731728,   22886.5254358605707239,   22483.7637047354837705,   22025.4941191137550049,   21323.7217190446281165,   20248.6173964987865475,   18623.6134022745063703,   16284.0335485339546722,   12818.8423673619436158,    7979.5121345191037108,    2932.3433703325954411,
    24185.2906697276957857,   24023.2537584395213344,   23847.3407692193941330,   23669.0354550005904457,   23480.7640218706910673,   23256.4704842937899230,   22960.0019849496820825,   22555.9471985641503124,   22036.7120610274796491,   21417.5746230704498885,   20467.8399855976022081,   18918.7874241219906253,   16464.7091970233086613,   12847.4967037452843215,    7970.4484036204157746,    2939.5394400552559091,
    24262.9368682347158028,   24100.3797419798829651,   23923.9019890334311640,   23745.0242305958745419,   23556.1483573015102593,   23331.1347316024402971,   23033.7144284423084173,   22628.3624354786152253,   22107.4603080714696262,   21428.4829417104374443,   20557.9258649339753902,   19123.6125477594796394,   16725.6657754948682850,   12990.0430692692607408,    7988.2649819929602018,    2936.2004897533342955,
    24340.8323476879486407,   24177.7533363308757544,   24000.7090064999611059,   23821.2569660275221395,   23631.7747120304702548,   23406.0386863864732732,   23107.6635236708170851,   22701.0101594835687138,   22178.4356903816405975,   21497.2784861972759245,   20568.3963504982166342,   19207.7820279618463246,   16906.7469665661847102,   13195.9281020986018120,    8076.8968895375328430,    2942.7638652993618962,
    24418.9779083968933264,   24255.3753364400690771,   24077.7626107454780140,   23897.7344445217531756,   23707.6438630537486461,   23481.1831182200330659,   23181.8500303989785607,   22773.8911169723069179,   22249.6389371694094734,   21566.2948968534110463,   20634.4306110663928848,   19217.5648633396085643,   16981.1592723235262383,   13338.7944256335631508,    8204.9112596511786251,    2975.4146067836090879,
    24497.3743532404187135,   24333.2465398071981326,   24155.0635934299207292,   23974.4574518193257973,   23783.7565898620487133,   23556.5687991479462653,   23256.2747108297735394,   22847.0060567343898583,   22321.0707799873016484,   21635.5328827634984918,   20700.6768727791604761,   19279.2623172415442241,   16989.8080525649347692,   13397.5029667383296328,    8293.7421094047895167,    3022.5732906102830384,
    24576.0224876750144176,   24411.3677464923457592,   24232.6127487548437784,   24051.4267761835835699,   23860.1136744486175303,   23632.1965036936780962,   23330.9383296131964016,   22920.3557299633648654,   22392.7319527364634268,   21704.9931552886882855,   20767.1358162602627999,   19341.1578490916981536,   17044.3533556030706677,   13404.3265326141754485,    8330.2456706716620829,    3055.2973195912977644,
    24654.9231197430635802,   24489.7397591241606278,   24310.4108734715628088,   24128.6432084085681709,   23936.7159013172531559,   23708.0670088672850397,   23405.8416538541387126,   22993.9408902644499904,   22464.6231916742290196,   21774.6764280739298556,   20833.8081243185624771,   19403.2520948137862433,   17099.0737748093342816,   13447.3607476259912801,    8334.4884000994461530,    3068.7447154016572313,
    24734.0770600811483746,   24568.3633829081154545,   24388.4587668893364025,   24206.1075418271502713,   24013.5640574903845845,   23784.1810941733783693,   23480.9854531202727230,   23067.7622936622901761,   22536.7452354216475214,   21844.5834170553207514,   20900.6944819550553802,   19465.5456923731253482,   17153.9698723892943235,   13490.5331227801398200,    8361.2460417422898900,    3070.3076769306585447,
    24813.4851219283773389,   24647.2394256347652117,   24466.7572308835915464,   24283.8205723191749712,   24090.6589325171589735,   23860.5395416191495315,   23556.3704994499239547,   23141.8206986087498080,   22609.0988249710935634,   21914.7148404674408084,   20967.7955763699246745,   19528.0392817832071160,   17209.0422123534408456,   13533.8441016358974593,    8388.0895880444113573,    3080.1648137588294958,
    24893.1481211347418139,   24726.3686976880562725,   24545.3070699041381886,   24361.7830983196290617,   24168.0013184815543354,   23937.1431357224064413,   23631.9975673600310984,   23216.1168659906543326,   22681.6847036938961537,   21985.0714188507372455,   21035.1120969695839449,   19590.7335051122718141,   17264.2913605230169196,   13577.2941291765619098,    8415.0193148003199894,    3090.0535966487864243,
    24973.0668761694942077,   24805.7520120536573813,   24624.1090909834601916,   24439.9959208268555813,   24245.5920100105031452,   24013.9926635196352436,   23707.8674338541059115,   23290.6515591376446537,   22754.5036173479347781,   22055.6538750589570554,   21102.6447353737567028,   19653.6290064898930723,   17319.7178845358175749,   13620.8836518140469707,    8442.0354986899437790,    3099.9741271993266309,
    25053.2422081295626413,   24885.3901843272942642,   24703.1641037450062868,   24518.4598434107792855,   24323.4318042820632400,   24091.0889145740693493,   23783.9808784302076674,   23365.4255438300097012,   22827.5563140853264485,   22126.4629342665284639,   21170.3941854226213763,   19716.7264321136099170,   17375.3223538520178408,   13664.6131173934536491,    8469.1384172814941849,    3109.9265073354240485,
    25133.6749407479801448,   24965.2840327231533593,   24782.4729204114810273,   24597.1756722211721353,   24401.5215010336141859,   24168.4326809838203189,   23860.3386830889394332,   23440.4395883065626549,   22900.8435444601200288,   22197.4993239760260622,   21238.3611431838871795,   19780.0264302555697213,   17431.1053397600262542,   13708.4829751976758416,    8496.3283490343001176,    3119.9108393092819824,
    25214.3659004023502348,   25045.4343780822564440,   24862.0363558132194157,   24676.1442159959151468,   24479.8619025700791099,   24246.0247573899978306,   23936.9416323415134684,   23515.6944632725062547,   22974.3660614359905594,   22268.7637740256686811,   21306.5463069599645678,   19843.5296512691675161,   17487.0674153823747474,   13752.4936759520187479,    8523.6055733016801241,    3129.9272257013808485,
    25295.3159161233452323,   25125.8420438809225743,   24941.8552273965397035,   24755.3662860693293624,   24558.4538137721428939,   24323.8659409849024087,   24013.7905132177766063,   23591.1909419073999743,   23048.1246203939772386,   22340.2570165967918001,   21374.9503772951611609,   19907.2367475957362331,   17543.2091556815757940,   13796.6456718288391130,    8550.9703703338054765,    3139.9757694215327319,
    25376.5258196032118576,   25206.5078562392263848,   25021.9303552321434836,   24834.8426963804995466,   24637.2980421045504045,   24401.9570315201854100,   24090.8861152743229468,   23666.9297998730435211,   23122.1199791402650590,   22411.9797862213745248,   21443.5740569828558364,   19971.1483737712624134,   17599.5311374660341244,   13840.9394164521690982,    8578.4230212805905467,    3150.0565737099373109,
    25457.9964452043241181,   25287.4326439294600277,   25102.2625620235703536,   24914.5742634816269856,   24716.3953976243828947,   24480.2988313150817703,   24168.2292306025992730,   23742.9118153214949416,   23196.3528979139300645,   22483.9328197896065831,   21512.4180510727237561,   20035.2651864330982789,   17656.0339393959948211,   13885.3753649023838079,    8605.9638081945686281,    3160.1697421382486937,
    25539.7286299677507486,   25368.6172383846787852,   25182.8526731155907328,   24994.5618065464586834,   24795.7466929893780616,   24558.8921452646536636,   24245.8206538370286580,   23819.1377689030523470,   23270.8241393947937468,   22556.1168565574189415,   21581.4830668779868574,   20099.5878443267138209,   17712.7181419894732244,   13929.9539737208924635,    8633.5930140337895864,    3170.3153786106313419,
    25621.7232136218590313,   25450.0624737072284915,   25263.7015165027514740,   25074.8061473786438000,   24875.3527434663155873,   24637.7377808480378008,   24323.6611821631959174,   23895.6084437742574664,   23345.5344687112446991,   22628.5326381541162846,   21650.7698139826716215,   20164.1170083124670782,   17769.5843276282212173,   13974.6757009148095676,    8661.3109226647411560,    3180.4935873648296365,
    25703.9810385909404431,   25531.7691866773166112,   25344.8099228378414409,   25155.3081104202283313,   24955.2143669393335585,   24716.8365481367945904,   24401.7516153260075953,   23972.3246256059610459,   23420.4846534480748232,   22701.1809085899949423,   21720.2790042488995823,   20228.8533413723744161,   17826.6330805637117010,   14019.5410059616770013,    8689.1178188652484096,    3190.7044729732442647,
    25786.5029500038654078,   25613.7382167616051447,   25426.1787254404334817,   25236.0685227601061342,   25035.3323839183904056,   24796.1892598031590751,   24480.0927556379683665,   24049.2871025913700578,   23495.6754636544028472,   22774.0624142639571801,   21790.0113518242287682,   20293.7975086169499264,   17883.8649869231339835,   14064.5503498141697492,    8717.0139883274168824,    3200.9481403439990572,
    25869.2897957027671509,   25695.9704061218471907,   25507.8087603054555075,   25317.0882141425063310,   25115.7076175476540811,   24875.7967311284592142,   24558.6854079873446608,   24126.4966654542004107,   23571.1076718515432731,   22847.1779039712055237,   21859.9675731489405734,   20358.9501772920339135,   17941.2806347154219111,   14109.7041949048361857,    8744.9997176605502318,    3211.2246947220255606,
    25952.3424262517546595,   25778.4665996235235070,   25589.7008661117688462,   25398.3680169755389215,   25196.3408936139749130,   24955.6597800114395795,   24637.5303798464956344,   24203.9541074567314354,   23646.7820530410099309,   22920.5281289109152567,   21930.1483869634430448,   20424.3120167856250191,   17998.8806138373183785,   14155.0030051508547331,    8773.0752943941060948,    3221.5342416901389697,
    26035.6616949456438306,   25861.2276448445481947,   25671.8558842307902523,   25479.9087663397331198,   25277.2330405553766468,   25035.7792269766905520,   24716.6284812801422959,   24281.6602244080058881,   23722.6993847123958403,   22994.1138426939978672,   22000.5545143156268750,   20489.8836986347778293,   18056.6655160793852701,   14200.4472459588068887,    8801.2410069806464890,    3231.8768871701258831,
    26119.2484578187359148,   25944.2543920839452767,   25754.2746587351466587,   25561.7112999966157076,   25358.3848894695511262,   25116.1558951830811566,   24795.9805249536948395,   24359.6158146719826618,   23798.8604468514313339,   23067.9358013507771830,   22071.1866785683123453,   20555.6658965324932069,   18114.6359351321225404,   14246.0373842294338829,    8829.4971447988100408,    3242.2527374238316042,
    26203.1035736536032346,   26027.5476943706053135,   25836.9580364073226519,   25643.7764583973366825,   25439.7972741224111815,   25196.7906104321955354,   24875.5873261416054447,   24437.8216791757440660,   23875.2660219479585066,   23141.9947633388110262,   22142.0456054066271463,   20621.6592863346668310,   18172.7924665920509142,   14291.7738883624551818,    8857.8439981562660250,    3252.6618990542542633,
    26287.2279039899149211,   26111.1084074720420176,   25919.9068667483807076,   25726.1050846912767156,   25521.4710309566544311,   25277.6842011768458178,   24955.4497027357319894,   24516.2786214177322108,   23951.9168950039711490,   23216.2914895506582980,   22213.1320228455078905,   20687.8645460669831664,   18231.1357079678564332,   14337.6572282613688003,    8886.2818582927138777,    3263.1044790066343921,
    26371.6223131332917546,   26194.9373899031925248,   26003.1220019866777875,   25808.6980247347346449,   25603.4069991003489122,   25358.8374985295631632,   25035.5684752537672466,   24594.9874474759853911,   24028.8138535417128878,   23290.8267433216969948,   22284.4466612371579686,   20754.2823559319258493,   18289.6662586864877085,   14383.6878753382989089,    8914.8110173828681582,    3273.5805845695595053,
    26456.2876681641791947,   26279.0355029352285783,   26086.6042970866365067,   25891.5561270995931409,   25685.6060203755623661,   25440.2513362711397349,   25115.9444668476498919,   24673.9489660164545057,   24105.9576876117134816,   23365.6012904379858810,   22355.9902532785527001,   20820.9133983157407783,   18348.3847200993477600,   14429.8663025188125175,    8943.4317685394671571,    3284.0903233760627700,
    26541.2248389467640663,   26363.4036106044077314,   26170.3546097575126623,   25974.6802430820716836,   25768.0689393070024380,   25521.9265508591997786,   25196.5785033120155276,   24753.1639883012758219,   24183.3491898009706347,   23440.6158991440934187,   22427.7635340189772251,   20887.7583577954574139,   18407.2916954884567531,   14476.1929842467943672,    8972.1444058162742294,    3294.6338034047325891,
    26626.4346981379057979,   26448.0425797209500161,   26254.3738004622100561,   26058.0712267114395218,   25850.7966031307150843,   25603.8639814367816143,   25277.4714130926986400,   24832.6333281971237739,   24260.9891552410445001,   23515.8713401510467520,   22499.7672408675607585,   20954.8179211459246289,   18466.3877900726547523,   14522.6683964893181837,    9000.9492242111045925,    3305.2111329808171831,
    26711.9181211961040390,   26532.9532798779509903,   26338.6627324261244212,   26141.7299347588050296,   25933.7898618027611519,   25686.0644698409923876,   25358.6240272952272790,   24912.3578021835637628,   24338.8783816162504081,   23591.3683866442006547,   22572.0021136008799658,   21022.0927773468574742,   18525.6736110138226650,   14569.2930167415306641,    9029.8465196688575816,    3315.8224207773405396,
    26797.6759863904953818,   26618.1365834603057010,   26423.2222716460237280,   26225.6572267459050636,   26017.0495680079657177,   25768.5288606116118899,   25440.0371796933832229,   24992.3382293614486116,   24417.0176691718297661,   23667.1078142912083422,   22644.4688943705332349,   21089.5836175899275986,   18585.1497674231177371,   14616.0673240315736621,    9058.8365890845507238,    3326.4677758162192731,
    26883.7091748098719108,   26703.5933656536763010,   26508.0532868989175768,   26309.8539649539707170,   26100.5765771686637891,   25851.2580009997982415,   25521.7117067377475905,   25072.5754314613404858,   24495.4078207222046331,   23743.0904012499631790,   22717.1683277107804315,   21157.2911352858573082,   18644.8168703672308766,   14662.9917989254881832,    9087.9197303063810978,    3337.1473074693790295,
    26970.0185703717397701,   26789.3245044534924091,   26593.1566497510102636,   26394.3210144325421425,   26184.3717474535187648,   25934.2527409767826612,   25603.6484475643046608,   25153.0702328519364528,   24574.0496416592104651,   23819.3169281766386121,   22790.1011605461753788,   21225.2160260715390905,   18704.6755328746730811,   14710.0669235321638553,    9117.0962421387757786,    3347.8611254598845335,
    27056.6050598313959199,   26875.3308806739514694,   26678.5332345666465699,   26479.0592430083852378,   26268.4359397863081540,   26017.5139332426115288,   25685.8482440030493308,   25233.8234605485449720,   24652.9439399603688798,   23895.7881782336735341,   22863.2681421992710966,   21293.3589878171878809,   18764.7263699420509511,   14757.2931815082920366,    9146.3664243454641110,    3358.6093398630614502,
    27143.4695327910412743,   26961.6133779570882325,   26764.1839185172902944,   26564.0695212944046943,   26352.7700178547784162,   26101.0424332348920871,   25768.3119405866709712,   25314.8359442215732997,   24732.0915261971858854,   23972.5049370978267689,   22936.6700243982922984,   21361.7207206335187948,   18824.9699985404076870,   14804.6710580633134668,    9175.7305776525663532,    3369.3920611076287059,
    27230.6128817089193035,   27048.1728827818442369,   26850.1095815905391646,   26649.3527226985715970,   26437.3748481195434579,   26184.8390991375999874,   25851.0403845591863501,   25396.1085162050912913,   24811.4932135434719385,   24049.4679929682424699,   23010.3075612848660967,   21430.3019268789284979,   18885.4070376215568103,   14852.2010399644332210,    9205.1890037516641314,    3380.2093999768376307,
    27318.0360019084837404,   27135.0102844731736695,   26936.3111065991652140,   26734.9097234329165076,   26522.2512998229321965,   26268.9047918898868375,   25934.0344258846780576,   25477.6420115053260815,   24891.1498177837456751,   24126.6781365745591756,   23084.1815094217599835,   21499.1033111667238700,   18946.0381081244377128,   14899.8836155416065594,    9234.7420053029145492,    3391.0614676096001858,
    27405.7397915875990293,   27222.1264752111856069,   27022.7893791901915392,   26820.7414025225225487,   26607.4002449979743687,   26353.2403751949132129,   26017.2949172560147417,   25559.4372678092840943,   24971.0621573215430544,   24204.1361611850443296,   23158.2926278006707435,   21568.1255803723324789,   19006.8638329815112229,   14947.7192746925557003,    9264.3898859381606599,    3401.9483755016390205,
    27493.7251518277735158,   27309.5223500403044454,   27109.5452878539763333,   26906.8486418145657808,   26692.8225584773317678,   26437.8467155287435162,   26100.8227141036077228,   25641.4951254933403106,   25051.2310531878792972,   24281.8428626147142495,   23232.6416778500315559,   21637.3694436405967281,   19067.8848371251115168,   14995.7085088878229726,    9294.1329502640455758,    3412.8702355066311611,
    27581.9929866034108272,   27397.1988068784812640,   27196.5797239333587640,   26993.2323259873446659,   26778.5191179022949655,   26522.7246821492371964,   26184.6186746042003506,   25723.8164276318711927,   25131.6573290496671689,   24359.7990392335341312,   23307.2294234428009077,   21706.8356123930607282,   19129.1017474939217209,   15043.8518111757693987,    9323.9715038651484065,    3423.8271598373576126,
    27670.5442027910939942,   27485.1567465263942722,   27283.8935816328121291,   27079.8933425594186701,   26864.4908037317800336,   26607.8751471049909014,   26268.6836596896901028,   25806.4020200059239869,   25212.3418112181752804,   24438.0054919746180531,   23382.0566309043351794,   21776.5248003352498927,   19190.5151930394022202,   15092.1496761876951496,    9353.9058533071056445,    3434.8192610668561429,
    27759.3797101789132284,   27573.3970726767256565,   27371.4877580276224762,   27166.8325818986886588,   26950.7384992514162150,   26693.2989852442624397,   26353.0185330559834256,   25889.2527511118933035,   25293.2853286575191305,   24516.4630243424471701,   23457.1240690202648693,   21846.4377234640269307,   19252.1258047322262428,   15140.6026001429036114,    9383.9363061397834826,    3445.8466521295722487,
    27848.5004214758082526,   27661.9206919234311499,   27459.3631530731072417,   27254.0509372315609653,   27037.2630905825790251,   26778.9970742240147956,   26437.6241611718360218,   25972.3694721702631796,   25374.4887129931812524,   24595.1724424211352016,   23532.4325090443817317,   21916.5751000749514787,   19313.9342155687918421,   15189.2110808537872799,    9414.0631709004264849,    3456.9094463225274012,
    27937.9072523209433712,   27750.7285137710714480,   27547.5206696138775442,   27341.5493046521114593,   27124.0654666915288544,   26864.9702945188873855,   26522.5014132877986412,   26055.7530371343127626,   25455.9527985205641016,   24674.1345548826939194,   23607.9827247065586562,   21986.9376507696397312,   19375.9410605777193268,   15237.9756177309554914,    9444.2867571168335417,    3468.0077573064804710,
    28027.6011212931152841,   27839.8214506441327103,   27635.9612133930932032,   27429.3285831313114613,   27211.1465193985022779,   26951.2195294302728144,   26607.6511614451155765,   26139.4043026989456848,   25537.6784222135283926,   24753.3501729953823087,   23683.7754922207059280,   22057.5260984631822794,   19438.1469768263523292,   15286.8967117883639730,    9474.6073753105247306,    3479.1416991070959739,
    28117.5829499201936414,   27929.2004178964234598,   27724.6856930617759645,   27517.3896745262536569,   27298.5071433869234170,   27037.7456650953572534,   26693.0742804847031948,   26223.3241283094357641,   25619.6664237330478500,   24832.8201106319720566,   23759.8115902927711431,   22128.3411683915583126,   19500.5526034273389087,   15335.9748656484516687,    9505.0253369999536517,    3490.3113861161104978,
    28207.8536626885870646,   28018.8663338204678439,   27813.6950201881481917,   27605.7334835894071148,   27386.1482362125680083,   27124.5495904962590430,   26778.7716480561139178,   26307.5133761703000346,   25701.9176454357802868,   24912.5451842781913001,   23836.0918001286772778,   22199.3835881191334920,   19563.1585815451617236,   15385.2105835473194020,    9535.5409547036815638,    3501.5169330925177746,
    28298.4141870527419087,   28108.8201196569389140,   27902.9901092670006619,   27694.3609179779305123,   27474.0706983127747662,   27211.6321974691600190,   26864.7441446265838749,   26391.9729112541135692,   25784.4329323827587359,   24992.5262130410483223,   23912.6169054424171918,   22270.6540875460450479,   19625.9655544027809810,   15434.6043713398958062,    9566.1545419436115480,    3512.7584551637369259,
    28389.2654534446737671,   28199.0626996041282837,   27992.5718777290785511,   27783.2728882629926375,   27562.2754330157258664,   27298.9943807134295639,   26950.9926534900732804,   26476.7036013104443555,   25867.2131323480462015,   25072.7640186572825769,   23989.3876924640644575,   22342.1533989157942415,   19688.9741672881500563,   15484.1567365051669185,    9596.8664132481899287,    3524.0360678268034462,
    28480.4083952835208038,   28289.5950008274485299,   28082.4412459505074366,   27872.4703079391183564,   27650.7633465497092402,   27386.6370378008650732,   27037.5180607763068110,   26561.7063168747554300,   25950.2590958274740842,   25153.2594255017829710,   24066.4049499478642247,   22413.8822568227151351,   19752.1850675609493919,   15533.8681881513239205,    9627.6768841556677216,    3535.3498869495497274,
    28571.8439489851407416,   28380.4179534689392312,   28172.5991372622738709,   27961.9540934335818747,   27739.5353480524318002,   27474.5610691848887654,   27124.3212554599194846,   26646.9819312772997364,   26033.5716760473769682,   25234.0132605960861838,   24143.6694691803277237,   22485.8413982195415883,   19815.5989046591676015,   15583.7392370210727677,    9658.5862712172947795,    3546.7000287718060463,
    28663.5730539717260399,   28471.5324906568457664,   28263.0464779596732114,   28051.7251641158327402,   27828.5923495803581318,   27562.7673782097954245,   27211.4031293695807108,   26732.5313206521677785,   26117.1517289733164944,   25315.0263536168604332,   24221.1820439883813378,   22558.0315624249597022,   19879.2163301058099023,   15633.7703954968274047,    9689.5948920006212575,    3558.0866099065765411,
    28755.5966526814554527,   28562.9395485151908360,   28353.7841973118593160,   28141.7844423069182085,   27917.9352661180964787,   27651.2568711200437974,   27298.7645771971328941,   26818.3553639462479623,   26201.0001133189325628,   25396.2995369044074323,   24298.9434707475083997,   22630.4534911312366603,   19943.0379975155483407,   15683.9621776060012053,    9720.7030650927299575,    3569.5097473412561158,
    28847.9156905781819660,   28654.6400661733896413,   28444.8132275713724084,   28232.1328532889783673,   28007.5650155877774523,   27740.0304570695807342,   27386.4064965068064339,   26904.4549429282451456,   26285.1176905547436036,   25477.8336454712480190,   24376.9545483899237297,   22703.1079284118168289,   20007.0645626015066227,   15734.3150990262565756,    9751.9111101035268803,    3580.9695584388214229,
    28940.5311161611425632,   28746.6349857759159931,   28536.1345039837178774,   28322.7713253147412615,   28097.4825188585018623,   27829.0890481311434996,   27474.3297877444601909,   26990.8309421977683087,   26369.5053249169723131,   25559.6295170106932346,   24455.2160784127991064,   22775.9956207289578742,   20071.2966831819321669,   15784.8296770908564213,    9783.2193476689972158,    3592.4661609390423109,
    29033.4438809747043706,   28838.9252524919684220,   28627.7489647969887301,   28413.7007896170653112,   28187.6886997557849099,   27918.4335593056748621,   27562.5353542467746593,   27077.4842491944291396,   26454.1638834164587024,   25641.6879919054299535,   24533.7288648864960123,   22849.1173169414287258,   20135.7350191869772971,   15835.5064307939264836,    9814.6280994545468275,    3603.9996729596828118,
    29126.6549396181435441,   28931.5118145251872193,   28719.6575512714989600,   28504.9221804185071960,   28278.1844850710658648,   28008.0649085316872515,   27651.0241022505906585,   27164.4157542069042393,   26539.0942358475804213,   25724.0099132361683587,   24612.4937144628056558,   22922.4737683121857117,   20200.3802326654949866,   15886.3458807958086254,    9846.1376881582600618,    3615.5702129977289587,
    29220.1652497554459842,   29024.3956231233860308,   28811.8612076894460188,   28596.4364349409188435,   28368.9708045712177409,   28097.9840166947069520,   27739.7969409021934553,   27251.6263503821428458,   26624.2972547971257882,   25806.5961267903367116,   24691.5114363832544768,   22996.0657285160887113,   20265.2329877918200509,   15937.3485494284177548,    9877.7484375142357749,    3627.1778999305925026,
    29313.9757721251553448,   29117.5776325883416575,   28904.3608813646133058,   28688.2444934150807967,   28460.0485910081115435,   28188.1918076367510366,   27828.8547822666405409,   27339.1169337345054373,   26709.7738156533268921,   25889.4474810706997232,   24770.7828424874423945,   23069.8939536476391368,   20330.2939508726049098,   15988.5149607005969301,    9909.4606722959179024,    3638.8228530173382751,
    29408.0874705502392317,   29211.0588002855911327,   28997.1575226521272270,   28780.3472990903355822,   28551.4187801281841530,   28278.6892081657970266,   27918.1985413371730829,   27426.8884031549823703,   26795.5247966148126579,   25972.5648273041479115,   24850.3087472213228466,   23143.9592022287943109,   20395.5637903536407975,   16039.8456403035106632,    9941.2747183194242098,    3650.5051918999101872,
    29502.5013119479881425,   29304.8400866542579024,   29090.2520849581887887,   28872.7457982443374931,   28643.0823106820535031,   28369.4771480653180333,   28007.8291360445764440,   27514.9416604204343457,   26881.5510786996455863,   26055.9490194503887324,   24930.0899676456356246,   23218.2622352166836208,   20461.0431768267881125,   16091.3411156160182145,    9973.1909024468986900,    3662.2250366043590475,
    29597.2182663399580633,   29398.9224552169362141,   29183.6455247498852259,   28965.4409401927186991,   28735.0401244341883285,   28460.5565601038142631,   28097.7474872666352894,   27603.2776102028474270,   26967.8535457543803204,   26139.6009142107577645,   25010.1273234442378453,   23292.8038160115102073,   20526.7327830367721617,   16143.0019157101542078,   10005.2095525898530468,    3673.9825075420767462,
    29692.2393068619276164,   29493.3068725895791431,   29277.3388015650161833,   29058.4336772988572193,   28827.2931661725633603,   28551.9283800444391090,   28187.9545188375668658,   27691.8971600786353520,   27054.4330844631258515,   26223.5213710370044282,   25090.4216369325877167,   23367.5847104643034982,   20592.6332838882008218,   16194.8285713564819162,   10037.3309977125773003,    3685.7777255110281658,
    29787.5654097739061399,   29587.9943084914339124,   29371.3328780219526379,   29151.7249649836776371,   28919.8423837183472642,   28643.5935466545815871,   28278.4511575575634197,   27780.8012205379382067,   27141.2905843566732074,   26307.7112521401213598,   25170.9737330661519081,   23442.6056868848754675,   20658.7453564523857494,   16246.8216150296266278,   10069.5555678354612610,    3697.6108116970058290,
    29883.1975544701526815,   29682.9857357550026791,   29465.6287198295212875,   29245.3157617354590911,   29012.6887279356851650,   28735.5530017154924280,   28369.2383332022727700,   27869.9907049940375146,   27228.4269378216049518,   26392.1714224992065283,   25251.7844394488965918,   23517.8675160496568424,   20725.0696799744036980,   16298.9815809136689495,   10101.8835940384433343,    3709.4818876748549883,
    29979.1367234892459237,   29778.2821303360433376,   29560.2272957969253184,   29339.2070291196687322,   29105.8331527414375159,   28827.8076900320120330,   28460.3169785323407268,   27959.4665297926840140,   27315.8430401095210982,   26476.9027498703326273,   25332.8545863417857618,   23593.3709712096424482,   20791.6069358800086775,   16351.3090049077072763,   10134.3154084643610986,    3721.3910754097428253,
    30075.3839025241759373,   29873.8844713235848758,   29655.1295778437161061,   29433.3997317888533871,   29199.2766151149844518,   28920.3585594422438589,   28551.6880293030408211,   28049.2296142215163854,   27403.5397893461922649,   26561.9061047955074173,   25414.1850066713013803,   23669.1168280983292789,   20858.3578077826568915,   16403.8044246313074837,   10166.8513443224037474,    3733.3384972583949093,
    30171.9400804324795899,   29969.7937409500009380,   29750.3365410097540007,   29527.8948374925712415,   29293.0200751080592454,   29013.2065608272932877,   28643.3524242738531029,   28139.2808805195418245,   27491.5180865407710371,   26647.1823606115867733,   25495.7765360380326456,   23745.1058649396618421,   20925.3229814905280364,   16456.4683794300653972,   10199.4917358915099612,    3745.3242759703648517,
    30268.8062492463832314,   30066.0109246010943025,   29845.8491634652382345,   29622.6933170872835035,   29387.0644958546326961,   29106.3526481210392376,   28735.3111052181156992,   28229.6212538865838724,   27579.7788355950979167,   26732.7323934592241130,   25577.6300127252434322,   23821.3388624560793687,   20992.5031450135538762,   16509.3014103811110544,   10232.2369185238239879,    3757.3485346892866801,
    30365.9834041830108617,   30162.5370108262177382,   29941.6684265207659337,   29717.7961445463733980,   29481.4108435807647766,   29199.7977783199567057,   28827.5650169327018375,   28320.2516624927920930,   27668.3229433129672543,   26818.5570822919107741,   25659.7462777074579208,   23897.8166038765084522,   21059.8989885705268534,   16562.3040602986948215,   10265.0872286481098854,    3769.4113969541490405,
    30463.4725436546032142,   30259.3729913484348799,   30037.7953146373911295,   29813.2042969701469701,   29576.0600876145726943,   29293.5429114929138450,   28920.1151072477441630,   28411.1730374881735770,   27757.1513194094331993,   26904.6573088850091153,   25742.1261746591335395,   23974.5398749443920678,   21127.5112045961614058,   16615.4768737397680525,   10298.0430037732403434,    3781.5129867005507549,
    30561.2746692787732172,   30356.5198610747138446,   30134.2308154367638053,   29908.9187545958448027,   29671.0132003961771261,   29387.5890107910527149,   29012.9623270363372285,   28502.3863130121862923,   27846.2648765201556671,   26991.0339578447819804,   25824.7705499633448198,   24051.5094639257731615,   21195.3404877482062147,   16668.8203970095564728,   10331.1045824916491256,    3793.6534282619886653,
    30659.3907858887978364,   30453.9786181061390380,   30230.9759197112580296,   30004.9405008077483217,   29766.2711574876739178,   29481.9370424577064114,   29106.1076302243345708,   28593.8924262032924162,   27935.6645302108081523,   27077.6879166174876445,   25907.6802527204272337,   24128.7261616174437222,   21263.3875349145782820,   16722.3351781671881326,   10364.2723044828089769,    3805.8328463711272889,
    30757.8219015439499344,   30551.7502637481629790,   30328.0316214341655723,   30101.2705221472569974,   29861.8349375831930956,   29576.5879758382761793,   29199.5519738001567021,   28685.6923172086208069,   28025.3511989864418865,   27164.6200754985256935,   25990.8561347567374469,   24206.1907613549847156,   21331.6530452205734036,   16776.0217670312995324,   10397.5465105167295405,    3818.0513661610816598,
    30856.5690275398410449,   30649.8358025209163316,   30425.3989177698931599,   30197.9098083230346674,   29957.7055225189251360,   29671.5427833902394923,   29293.2963178245845484,   28777.7869291936331138,   28115.3258043009445828,   27251.8313276415537985,   26074.2990506333990197,   24283.9040590209733637,   21400.1377200359711424,   16829.8807151857472491,   10430.9275424574352655,    3830.3091131667047193,
