Period,age,pi,Year
1935-1939,20,.9853399991989136,1935
1935-1939,25,.9830600023269653,1935
1935-1939,30,.9803299903869629,1935
1935-1939,35,.9738600254058838,1935
1935-1939,40,.9663000106811523,1935
1935-1939,45,.9535499811172485,1935
1935-1939,50,.9337800145149231,1935
1935-1939,55,.9102100133895874,1935
1935-1939,60,.8723099827766418,1935
1935-1939,65,.8129400014877319,1935
1935-1939,70,.733489990234375,1935
1935-1939,75,.616379976272583,1935
1935-1939,80,.4944700002670288,1935
1935-1939,85,.3459100127220154,1935
1935-1939,90,.2517899870872498,1935
1935-1939,95,.1506900042295456,1935
1940-1944,20,.9879400134086609,1940
1940-1944,25,.9872499704360962,1940
1940-1944,30,.9843999743461609,1940
1940-1944,35,.979669988155365,1940
1940-1944,40,.9716100096702576,1940
1940-1944,45,.9595900177955627,1940
1940-1944,50,.9397000074386597,1940
1940-1944,55,.9137499928474426,1940
1940-1944,60,.8798400163650513,1940
1940-1944,65,.8276699781417847,1940
1940-1944,70,.7442700266838074,1940
1940-1944,75,.635450005531311,1940
1940-1944,80,.5030999779701233,1940
1940-1944,85,.3588699996471405,1940
1940-1944,90,.2509900033473969,1940
1940-1944,95,.1525000035762787,1940
1945-1949,20,.9908099770545959,1945
1945-1949,25,.9904500246047974,1945
1945-1949,30,.9881100058555603,1945
1945-1949,35,.9833700060844421,1945
1945-1949,40,.9759399890899658,1945
1945-1949,45,.9640700221061707,1945
1945-1949,50,.9452499747276306,1945
1945-1949,55,.9198399782180786,1945
1945-1949,60,.8872399926185608,1945
1945-1949,65,.8423600196838379,1945
1945-1949,70,.7648599743843079,1945
1945-1949,75,.6566900014877319,1945
1945-1949,80,.5388200283050537,1945
1945-1949,85,.384799987077713,1945
1945-1949,90,.2706800103187561,1945
1945-1949,95,.1622799932956696,1945
1950-1954,20,.9929100275039673,1950
1950-1954,25,.9924299716949463,1950
1950-1954,30,.9907400012016296,1950
1950-1954,35,.986810028553009,1950
1950-1954,40,.9791499972343445,1950
1950-1954,45,.9680500030517578,1950
1950-1954,50,.9497600197792053,1950
1950-1954,55,.9271600246429443,1950
1950-1954,60,.8936100006103516,1950
1950-1954,65,.8487600088119507,1950
1950-1954,70,.7783700227737427,1950
1950-1954,75,.6784300208091736,1950
1950-1954,80,.5557399988174438,1950
1950-1954,85,.4084599912166595,1950
1950-1954,90,.2706199884414673,1950
1950-1954,95,.1660300046205521,1950
1955-1959,20,.9934700131416321,1955
1955-1959,25,.9934099912643433,1955
1955-1959,30,.9917799830436707,1955
1955-1959,35,.988290011882782,1955
1955-1959,40,.9814599752426147,1955
1955-1959,45,.9708200097084045,1955
1955-1959,50,.9538000226020813,1955
1955-1959,55,.9317299723625183,1955
1955-1959,60,.8988199830055237,1955
1955-1959,65,.8521699905395508,1955
1955-1959,70,.7883800268173218,1955
1955-1959,75,.6904500126838684,1955
1955-1959,80,.5623900294303894,1955
1955-1959,85,.4090000092983246,1955
1955-1959,90,.2728799879550934,1955
1955-1959,95,.1601700037717819,1955
1960-1964,20,.9938499927520752,1960
1960-1964,25,.9935200214385986,1960
1960-1964,30,.991919994354248,1960
1960-1964,35,.9882500171661377,1960
1960-1964,40,.9818199872970581,1960
1960-1964,45,.9711999893188477,1960
1960-1964,50,.9546200037002563,1960
1960-1964,55,.9343699812889099,1960
1960-1964,60,.8984000086784363,1960
1960-1964,65,.8560799956321716,1960
1960-1964,70,.7938100099563599,1960
1960-1964,75,.6978099942207336,1960
1960-1964,80,.5668799877166748,1960
1960-1964,85,.4114300012588501,1960
1960-1964,90,.2705999910831451,1960
1960-1964,95,.1551900058984756,1960
1965-1969,20,.993149995803833,1965
1965-1969,25,.9930400252342224,1965
1965-1969,30,.9915000200271606,1965
1965-1969,35,.987779974937439,1965
1965-1969,40,.9813500046730042,1965
1965-1969,45,.9709200263023376,1965
1965-1969,50,.95524001121521,1965
1965-1969,55,.9341700077056885,1965
1965-1969,60,.9009100198745728,1965
1965-1969,65,.858519971370697,1965
1965-1969,70,.798550009727478,1965
1965-1969,75,.7039999961853027,1965
1965-1969,80,.5799400210380554,1965
1965-1969,85,.4255099892616272,1965
1965-1969,90,.2792400121688843,1965
1965-1969,95,.1628299951553345,1965
1970-1974,20,.9928399920463562,1970
1970-1974,25,.9929800033569336,1970
1970-1974,30,.9917100071907043,1970
1970-1974,35,.9882799983024597,1970
1970-1974,40,.9821299910545349,1970
1970-1974,45,.9720799922943115,1970
1970-1974,50,.958329975605011,1970
1970-1974,55,.9364799857139587,1970
1970-1974,60,.9073200225830078,1970
1970-1974,65,.8670700192451477,1970
1970-1974,70,.8047500252723694,1970
1970-1974,75,.7209299802780151,1970
1970-1974,80,.6032500267028809,1970
1970-1974,85,.4535099864006042,1970
1970-1974,90,.3035100102424622,1970
1970-1974,95,.1812400072813034,1970
1975-1979,20,.9934300184249878,1975
1975-1979,25,.9935600161552429,1975
1975-1979,30,.9929800033569336,1975
1975-1979,35,.9902399778366089,1975
1975-1979,40,.9848899841308594,1975
1975-1979,45,.9761199951171875,1975
1975-1979,50,.9629799723625183,1975
1975-1979,55,.9449599981307983,1975
1975-1979,60,.9164999723434448,1975
1975-1979,65,.8826000094413757,1975
1975-1979,70,.8237199783325195,1975
1975-1979,75,.7536100149154663,1975
1975-1979,80,.638480007648468,1975
1975-1979,85,.4970099925994873,1975
1975-1979,90,.3421500027179718,1975
1975-1979,95,.2100300043821335,1975
1980-1984,20,.99413001537323,1980
1980-1984,25,.9939699769020081,1980
1980-1984,30,.993340015411377,1980
1980-1984,35,.991349995136261,1980
1980-1984,40,.9869400262832642,1980
1980-1984,45,.9790199995040894,1980
1980-1984,50,.9666100144386292,1980
1980-1984,55,.9484900236129761,1980
1980-1984,60,.9227700233459473,1980
1980-1984,65,.8870900273323059,1980
1980-1984,70,.834850013256073,1980
1980-1984,75,.7643300294876099,1980
1980-1984,80,.651669979095459,1980
1980-1984,85,.5124599933624268,1980
1980-1984,90,.3565199971199036,1980
1980-1984,95,.2189200073480606,1980
1985-1989,20,.9944800138473511,1985
1985-1989,25,.9939699769020081,1985
1985-1989,30,.9926300048828125,1985
1985-1989,35,.9907199740409851,1985
1985-1989,40,.9873700141906738,1985
1985-1989,45,.9806699752807617,1985
1985-1989,50,.9690999984741211,1985
1985-1989,55,.9517899751663208,1985
1985-1989,60,.9260299801826477,1985
1985-1989,65,.8923199772834778,1985
1985-1989,70,.8403300046920776,1985
1985-1989,75,.7706900238990784,1985
1985-1989,80,.6603099703788757,1985
1985-1989,85,.5179499983787537,1985
1985-1989,90,.3550100028514862,1985
1985-1989,95,.2124000042676926,1985
1990-1994,20,.9946200251579285,1990
1990-1994,25,.9939900040626526,1990
1990-1994,30,.9922800064086914,1990
1990-1994,35,.9899799823760986,1990
1990-1994,40,.9869499802589417,1990
1990-1994,45,.9813799858093262,1990
1990-1994,50,.9716799855232239,1990
1990-1994,55,.9556800127029419,1990
1990-1994,60,.931659996509552,1990
1990-1994,65,.8988699913024902,1990
1990-1994,70,.8517900109291077,1990
1990-1994,75,.7851399779319763,1990
1990-1994,80,.6749100089073181,1990
1990-1994,85,.5360199809074402,1990
1990-1994,90,.3691099882125854,1990
1990-1994,95,.2219099998474121,1990
1995-1999,20,.9951800107955933,1995
1995-1999,25,.9950299859046936,1995
1995-1999,30,.9935399889945984,1995
1995-1999,35,.9911999702453613,1995
1995-1999,40,.9875699877738953,1995
1995-1999,45,.9824000000953674,1995
1995-1999,50,.9739199876785278,1995
1995-1999,55,.9592599868774414,1995
1995-1999,60,.9362999796867371,1995
1995-1999,65,.9050800204277039,1995
1995-1999,70,.8576300144195557,1995
1995-1999,75,.7912499904632568,1995
1995-1999,80,.6761400103569031,1995
1995-1999,85,.5281400084495544,1995
1995-1999,90,.3545899987220764,1995
1995-1999,95,.2036399990320206,1995
2000-2004,20,.9952600002288818,2000
2000-2004,25,.9952200055122375,2000
2000-2004,30,.9944199919700623,2000
2000-2004,35,.9920399785041809,2000
2000-2004,40,.9880800247192383,2000
2000-2004,45,.9822999835014343,2000
2000-2004,50,.9747200012207031,2000
2000-2004,55,.9622300267219543,2000
2000-2004,60,.9419500231742859,2000
2000-2004,65,.9129800200462341,2000
2000-2004,70,.868690013885498,2000
2000-2004,75,.8013700246810913,2000
2000-2004,80,.6871500015258789,2000
2000-2004,85,.5285199880599976,2000
2000-2004,90,.3443599939346313,2000
2000-2004,95,.1890199929475784,2000
2005-2009,20,.9952300190925598,2005
2005-2009,25,.9949700236320496,2005
2005-2009,30,.9943900108337402,2005
2005-2009,35,.9926699995994568,2005
2005-2009,40,.9888700246810913,2005
2005-2009,45,.98294997215271,2005
2005-2009,50,.9747499823570251,2005
2005-2009,55,.9644899964332581,2005
2005-2009,60,.9474700093269348,2005
2005-2009,65,.9224100112915039,2005
2005-2009,70,.8827800154685974,2005
2005-2009,75,.8200299739837646,2005
2005-2009,80,.7178900241851807,2005
2005-2009,85,.5588700175285339,2005
2005-2009,90,.36599001288414,2005
2005-2009,95,.2011300027370453,2005
2010-2014,20,.9957699775695801,2010
2010-2014,25,.9951300024986267,2010
2010-2014,30,.9943299889564514,2010
2010-2014,35,.9929400086402893,2010
2010-2014,40,.9900100231170654,2010
2010-2014,45,.9842600226402283,2010
2010-2014,50,.9756399989128113,2010
2010-2014,55,.9645500183105469,2010
2010-2014,60,.9501799941062927,2010
2010-2014,65,.9277899861335754,2010
2010-2014,70,.8910899758338928,2010
2010-2014,75,.832099974155426,2010
2010-2014,80,.7374600172042847,2010
2010-2014,85,.5885300040245056,2010
2010-2014,90,.3884199857711792,2010
2010-2014,95,.2181600034236908,2010
2015-2020,20,.9950088499999999,2015
2015-2020,25,.99384606,2015
2015-2020,30,.99264263,2015
2015-2020,35,.99123185,2015
2015-2020,40,.9891822300000001,2015
2015-2020,45,.98442421,2015
2015-2020,50,.97550868,2015
2015-2020,55,.96341504,2015
2015-2020,60,.94817127,2015
2015-2020,65,.92876068,2015
2015-2020,70,.89336068,2015
2015-2020,75,.83684719,2015
2015-2020,80,.7434168799999999,2015
2015-2020,85,.60169542,2015
2015-2020,90,.43003608,2015
2015-2020,95,.25176282,2015
2020-2025,20,.99568552,2020
2020-2025,25,.99367202,2020
2020-2025,30,.9924817500000001,2020
2020-2025,35,.99126877,2020
2020-2025,40,.98908249,2020
2020-2025,45,.98461031,2020
2020-2025,50,.97661624,2020
2020-2025,55,.96491361,2020
2020-2025,60,.94993417,2020
2020-2025,65,.92940077,2020
2020-2025,70,.89625397,2020
2020-2025,75,.84050531,2020
2020-2025,80,.74866968,2020
2020-2025,85,.61152836,2020
2020-2025,90,.43773578,2020
2020-2025,95,.25300114,2020
2025-2030,20,.99587657,2025
2025-2030,25,.99373597,2025
2025-2030,30,.99256532,2025
2025-2030,35,.99150962,2025
2025-2030,40,.98958377,2025
2025-2030,45,.9854607399999999,2025
2025-2030,50,.97799189,2025
2025-2030,55,.9669479,2025
2025-2030,60,.95301365,2025
2025-2030,65,.9339288,2025
2025-2030,70,.90299763,2025
2025-2030,75,.85008943,2025
2025-2030,80,.76189104,2025
2025-2030,85,.627022,2025
2025-2030,90,.45098832,2025
2025-2030,95,.26015718,2025
2030-2035,20,.9961892,2030
2030-2035,25,.99390448,2030
2030-2035,30,.99278635,2030
2030-2035,35,.99197426,2030
2030-2035,40,.99040325,2030
2030-2035,45,.98676157,2030
2030-2035,50,.98002272,2030
2030-2035,55,.97003102,2030
2030-2035,60,.95776782,2030
2030-2035,65,.94072077,2030
2030-2035,70,.9129606,2030
2030-2035,75,.86442,2030
2030-2035,80,.78147809,2030
2030-2035,85,.65104431,2030
2030-2035,90,.47333564,2030
2030-2035,95,.27217662,2030
2035-2040,20,.9963978999999999,2035
2035-2040,25,.994068,2035
2035-2040,30,.99298734,2035
2035-2040,35,.99231761,2035
2035-2040,40,.99094972,2035
2035-2040,45,.98758351,2035
2035-2040,50,.98127619,2035
2035-2040,55,.97191296,2035
2035-2040,60,.96069191,2035
2035-2040,65,.94492807,2035
2035-2040,70,.9189903,2035
2035-2040,75,.87309286,2035
2035-2040,80,.7935854,2035
2035-2040,85,.6660236,2035
2035-2040,90,.48792705,2035
2035-2040,95,.28047201,2035
2040-2045,20,.99660205,2040
2040-2045,25,.99426254,2040
2040-2045,30,.9932216699999999,2040
2040-2045,35,.99266805,2040
2040-2045,40,.99147936,2040
2040-2045,45,.98837564,2040
2040-2045,50,.98246802,2040
2040-2045,55,.97366994,2040
2040-2045,60,.96333141,2040
2040-2045,65,.9488115,2040
2040-2045,70,.9246961,2040
2040-2045,75,.8812134700000001,2040
2040-2045,80,.80495682,2040
2040-2045,85,.6804211,2040
2040-2045,90,.50205768,2040
2040-2045,95,.28884149,2040
2045-2050,20,.9968010899999999,2045
2045-2050,25,.99448261,2045
2045-2050,30,.9934858600000001,2045
2045-2050,35,.9930281,2045
2045-2050,40,.99198729,2045
2045-2050,45,.98912731,2045
2045-2050,50,.98361422,2045
2045-2050,55,.97534965,2045
2045-2050,60,.9657738300000001,2045
2045-2050,65,.95232853,2045
2045-2050,70,.9299983000000001,2045
2045-2050,75,.88897427,2045
2045-2050,80,.81580939,2045
2045-2050,85,.69430479,2045
2045-2050,90,.51606312,2045
2045-2050,95,.29718865,2045
2050-2055,20,.99698258,2050
2050-2055,25,.9947092,2050
2050-2055,30,.99375667,2050
2050-2055,35,.99337317,2050
2050-2055,40,.99244847,2050
2050-2055,45,.98979269,2050
2050-2055,50,.9846339200000001,2050
2050-2055,55,.9768717099999999,2050
2050-2055,60,.96793742,2050
2050-2055,65,.95537724,2050
2050-2055,70,.93455746,2050
2050-2055,75,.8958387799999999,2050
2050-2055,80,.82570738,2050
2050-2055,85,.70704472,2050
2050-2055,90,.52913765,2050
2050-2055,95,.30520115,2050
2055-2060,20,.99714935,2055
2055-2060,25,.99493654,2055
2055-2060,30,.99402667,2055
2055-2060,35,.99370176,2055
2055-2060,40,.99287243,2055
2055-2060,45,.9903951,2055
2055-2060,50,.98554884,2055
2055-2060,55,.9782501,2055
2055-2060,60,.96990985,2055
2055-2060,65,.9581182499999999,2055
2055-2060,70,.93861001,2055
2055-2060,75,.9019324,2055
2055-2060,80,.83476329,2055
2055-2060,85,.71909794,2055
2055-2060,90,.54165125,2055
2055-2060,95,.31299674,2055
2060-2065,20,.99730143,2060
2060-2065,25,.99516126,2060
2060-2065,30,.9942931699999999,2060
2060-2065,35,.99401269,2060
2060-2065,40,.9932609999999999,2060
2060-2065,45,.99094144,2060
2060-2065,50,.98637566,2060
2060-2065,55,.9794878299999999,2060
2060-2065,60,.97168036,2060
2060-2065,65,.96060736,2060
2060-2065,70,.94226552,2060
2060-2065,75,.90741372,2060
2060-2065,80,.84295179,2060
2060-2065,85,.73037829,2060
2060-2065,90,.55383499,2060
2060-2065,95,.32070779,2060
2065-2070,20,.99744597,2065
2065-2070,25,.99538603,2065
2065-2070,30,.99455945,2065
2065-2070,35,.99431497,2065
2065-2070,40,.99362921,2065
2065-2070,45,.99145441,2065
2065-2070,50,.98715165,2065
2065-2070,55,.980649,2065
2065-2070,60,.97331895,2065
2065-2070,65,.96292467,2065
2065-2070,70,.94571091,2065
2065-2070,75,.91256693,2065
2065-2070,80,.8506462,2065
2065-2070,85,.7410577,2065
2065-2070,90,.56579567,2065
2065-2070,95,.32862754,2065
2070-2075,20,.99758045,2070
2070-2075,25,.99560701,2070
2070-2075,30,.99482126,2070
2070-2075,35,.9946041,2070
2070-2075,40,.99397238,2070
2070-2075,45,.99192707,2070
2070-2075,50,.98786553,2070
2070-2075,55,.98171927,2070
2070-2075,60,.97481559,2070
2070-2075,65,.96502227,2070
2070-2075,70,.94885893,2070
2070-2075,75,.9173533,2070
2070-2075,80,.85781293,2070
2070-2075,85,.75105764,2070
2070-2075,90,.57714677,2070
2070-2075,95,.33646845,2070
2075-2080,20,.99770859,2075
2075-2080,25,.99582528,2075
2075-2080,30,.9950796200000001,2075
2075-2080,35,.99488395,2075
2075-2080,40,.99429808,2075
2075-2080,45,.99237165,2075
2075-2080,50,.98853518,2075
2075-2080,55,.98272443,2075
2075-2080,60,.97621485,2075
2075-2080,65,.9669747400000001,2075
2075-2080,70,.9517735000000001,2075
2075-2080,75,.9218350400000001,2075
2075-2080,80,.86464687,2075
2075-2080,85,.76064601,2075
2075-2080,90,.58811314,2075
2075-2080,95,.34411823,2075
2080-2085,20,.99783344,2080
2080-2085,25,.9960445999999999,2080
2080-2085,30,.99533941,2080
2080-2085,35,.99516142,2080
2080-2085,40,.99461645,2080
2080-2085,45,.99280359,2080
2080-2085,50,.98918484,2080
2080-2085,55,.98369879,2080
2080-2085,60,.97756529,2080
2080-2085,65,.96885836,2080
2080-2085,70,.95458471,2080
2080-2085,75,.9261633500000001,2080
2080-2085,80,.87135243,2080
2080-2085,85,.77028303,2080
2080-2085,90,.59928439,2080
2080-2085,95,.35200409,2080
2085-2090,20,.99795637,2085
2085-2090,25,.99626637,2085
2085-2090,30,.99560129,2085
2085-2090,35,.99543628,2085
2085-2090,40,.9949261,2085
2085-2090,45,.99322003,2085
2085-2090,50,.98981019,2085
2085-2090,55,.98463742,2085
2085-2090,60,.97885752,2085
2085-2090,65,.97065422,2085
2085-2090,70,.9572611,2085
2085-2090,75,.93029073,2085
2085-2090,80,.87776254,2085
2085-2090,85,.77965052,2085
2085-2090,90,.6104263,2085
2085-2090,95,.35997243,2085
2090-2095,20,.9980772999999999,2090
2090-2095,25,.99648915,2090
2090-2095,30,.99586435,2090
2090-2095,35,.99570952,2090
2090-2095,40,.9952306,2090
2090-2095,45,.99362758,2090
2090-2095,50,.99042176,2090
2090-2095,55,.9855557700000001,2090
2090-2095,60,.98011669,2090
2090-2095,65,.97239928,2090
2090-2095,70,.95986246,2090
2090-2095,75,.9343249,2090
2090-2095,80,.88407705,2090
2090-2095,85,.7889628,2090
2090-2095,90,.6217759899999999,2090
2090-2095,95,.36838586,2090
2095-2100,20,.99819219,2095
2095-2100,25,.99670529,2095
2095-2100,30,.99611983,2095
2095-2100,35,.99597258,2095
2095-2100,40,.99552093,2095
2095-2100,45,.99401459,2095
2095-2100,50,.99100206,2095
2095-2100,55,.98642754,2095
2095-2100,60,.98130759,2095
2095-2100,65,.97404722,2095
2095-2100,70,.96231803,2095
2095-2100,75,.93815556,2095
2095-2100,80,.89013556,2095
2095-2100,85,.79801964,2095
2095-2100,90,.63299728,2095
2095-2100,95,.37696415,2095
