year,expcat,clphsg_all,clghsg_all,clphsg_exp,clghsg_exp,POCL_all,POCL_exp,clphsg_all_m,clghsg_all_m,clphsg_exp_m,clghsg_exp_m,POCL_all_m,POCL_exp_m,clphsg_all_f,clghsg_all_f,clphsg_exp_f,clghsg_exp_f,POCL_all_f,POCL_exp_f
1963,1,.36622,.33422518,.36222744,.34241199,.10074949,.080970764,.31205559,.30157185,.38071012,.37845325,.031363964,.0086483955,.41550446,.36910725,.35852766,.3283596,.1571312,.13326406
1963,2,.36622,.33422518,.37205696,.34716845,.10074949,.072818756,.31205559,.30157185,.3310461,.32798481,.031363964,.0086483955,.41550446,.36910725,.42605782,.38283634,.1571312,.13326406
1963,3,.36622,.33422518,.4011755,.37523413,.10074949,.071754456,.31205559,.30157185,.2775712,.27432823,.031363964,.0086483955,.41550446,.36910725,.51260376,.46694374,.1571312,.13326406
1963,4,.36622,.33422518,.37058926,.34364462,.10074949,.072806358,.31205559,.30157185,.23978424,.23643398,.031363964,.0086483955,.41550446,.36910725,.46709633,.42123365,.1571312,.13326406
1963,5,.36622,.33422518,.35878563,.34453201,.10074949,.077064514,.31205559,.30157185,.3487587,.34706831,.031363964,.0086483955,.41550446,.36910725,.24264431,.2203455,.1571312,.13326406
1964,1,.3798542,.34236908,.38783741,.36337852,.11803913,.099944592,.30545187,.30532122,.32638931,.33336878,.00038957596,-.026746273,.45552683,.38262177,.47467041,.42096519,.24690628,.23723364
1964,2,.3798542,.34236908,.37174892,.3393507,.11803913,.094792366,.30545187,.30532122,.35271311,.36218071,.00038957596,-.02674675,.45552683,.38262177,.39431667,.31737566,.24690628,.23723364
1964,3,.3798542,.34236908,.41950226,.38448334,.11803913,.096863747,.30545187,.30532122,.34974861,.35977697,.00038957596,-.02674675,.45552683,.38262177,.45633221,.37504959,.24690628,.23723412
1964,4,.3798542,.34236908,.37831163,.34710598,.11803913,.084319115,.30545187,.30532122,.17298269,.18334627,.00038957596,-.02674675,.45552683,.38262177,.58280754,.50116301,.24690628,.23723412
1964,5,.3798542,.34236908,.23978329,.22048521,.11803913,.10434151,.30545187,.30532122,.27423811,.27946663,.00038957596,-.02674675,.45552683,.38262177,.0026378632,-.03705883,.24690628,.23723364
1965,1,.41835213,.3643713,.3957572,.36078978,.16998386,.14288568,.35903835,.32007599,.34440327,.32166672,.11655903,.087124825,.47328949,.41359472,.47397947,.43224144,.2021656,.18437099
1965,2,.41835213,.3643713,.39811945,.34956264,.16998386,.14206886,.35903835,.32007599,.36387157,.33303308,.11655903,.087124825,.47328949,.41359472,.44208288,.38228655,.2021656,.18437099
1965,3,.41835213,.3643713,.46302795,.41146231,.16998386,.14263344,.35903835,.32007599,.38012123,.34745264,.11655903,.087125301,.47328949,.41359472,.51649332,.45332289,.2021656,.18437099
1965,4,.41835213,.3643713,.47590542,.4240737,.16998386,.14005184,.35903835,.32007599,.32994509,.2961874,.11655903,.087125301,.47328949,.41359472,.59102345,.52757215,.2021656,.18437147
1965,5,.41835213,.3643713,.33539057,.30528355,.16998386,.16278124,.35903835,.32007599,.50781822,.49078846,.11655903,.087124825,.47328949,.41359472,-.063728809,-.094579697,.2021656,.18437052
1966,1,.41225863,.36167049,.4003644,.36628246,.15929937,.13926601,.35710335,.33404541,.37768269,.36681509,.068978786,.041642189,.4606595,.38961172,.44538689,.39376783,.24061584,.22801876
1966,2,.41225863,.36167049,.39639807,.35106373,.15929937,.13264179,.35710335,.33404541,.35927582,.3445363,.068978786,.041642189,.4606595,.38961172,.44433212,.37037945,.24061584,.22801828
1966,3,.41225863,.36167049,.43897724,.39042091,.15929937,.13430977,.35710335,.33404541,.35608244,.34046793,.068978786,.041642189,.4606595,.38961172,.48972321,.41159821,.24061584,.22801876
1966,4,.41225863,.36167049,.4528532,.40361166,.15929937,.13305283,.35710335,.33404541,.3319087,.31577492,.068978786,.041641712,.4606595,.38961172,.52734756,.44887543,.24061584,.22801828
1966,5,.41225863,.36167049,.30936575,.28316212,.15929937,.14167643,.35710335,.33404541,.34781456,.33967495,.068978786,.041641712,.4606595,.38961172,.088692665,.050538063,.24061584,.22801876
1967,1,.44136524,.38013744,.39901638,.35840893,.19280338,.16593266,.39918995,.3582449,.38767004,.3650198,.12248945,.086792946,.4732666,.40107536,.43204308,.38050079,.24448633,.22768116
1967,2,.44136524,.38013744,.43869877,.38435698,.19280338,.15899754,.39918995,.3582449,.40550375,.37478256,.12248945,.086792469,.4732666,.40107536,.4812355,.40739202,.24448633,.22768211
1967,3,.44136524,.38013744,.50868893,.45026875,.19280338,.16159487,.39918995,.3582449,.44636536,.41382122,.12248945,.086792946,.4732666,.40107536,.5334096,.45539999,.24448633,.22768116
1967,4,.44136524,.38013744,.47701597,.41658211,.19280338,.16329479,.39918995,.3582449,.39555264,.36192417,.12248945,.086792946,.4732666,.40107536,.49760437,.41924763,.24448633,.22768164
1967,5,.44136524,.38013744,.16272068,.13702869,.19280338,.13891411,.39918995,.3582449,-.048129559,-.065094471,.12248945,.086792469,.4732666,.40107536,.37475491,.33665705,.24448633,.22768116
1968,1,.44201374,.38754129,.42424917,.38773441,.1715312,.14920998,.39227247,.36292934,.412117,.39768028,.087781429,.055317879,.48371983,.41182899,.45734739,.40504694,.24346972,.23103046
1968,2,.44201374,.38754129,.42704058,.37855005,.1715312,.14187527,.39227247,.36292934,.38442659,.36484671,.087781429,.055317879,.48371983,.41182899,.48276711,.40783691,.24346972,.23103094
1968,3,.44201374,.38754129,.48634529,.4340601,.1715312,.14462566,.39227247,.36292934,.41603374,.39529181,.087781429,.055317402,.48371983,.41182899,.51952839,.44037151,.24346972,.23103046
1968,4,.44201374,.38754129,.48757505,.43493223,.1715312,.14224386,.39227247,.36292934,.39883661,.37740326,.087781429,.055317879,.48371983,.41182899,.52668381,.44717455,.24346972,.23103046
1968,5,.44201374,.38754129,.2014432,.17923832,.1715312,.12005806,.39227247,.36292934,-.034985542,-.045797825,.087781429,.055317879,.48371983,.41182899,.43861055,.39995241,.24346972,.23102999
1969,1,.44013977,.3952322,.41271162,.38457632,.14141369,.11496925,.40276432,.37015009,.37672472,.35871315,.097566128,.069019318,.46504498,.42002773,.47460651,.44320726,.15245867,.13870049
1969,2,.44013977,.3952322,.42252731,.38331795,.14141369,.11472082,.40276432,.37015009,.40734243,.38291264,.097566128,.069019794,.46504498,.42002773,.43910217,.39411783,.15245867,.13870096
1969,3,.44013977,.3952322,.48305702,.44105721,.14141369,.11617327,.40276432,.37015009,.425107,.39922667,.097566128,.069020271,.46504498,.42002773,.49932098,.45179844,.15245867,.13870049
1969,4,.44013977,.3952322,.50174952,.45869207,.14141369,.11634207,.40276432,.37015009,.41106176,.38431978,.097566128,.069019794,.46504498,.42002773,.53786421,.4901309,.15245867,.13870049
1969,5,.44013977,.3952322,.34313965,.31743479,.14141369,.13897943,.40276432,.37015009,.49604177,.48255062,.097566128,.069019794,.46504498,.42002773,-.053746223,-.076954842,.15245867,.13870049
1970,1,.42958546,.38203192,.40662956,.37770939,.14974403,.11817789,.4063201,.3652277,.40387535,.38056564,.12293005,.08932066,.436306,.39657307,.42913532,.40266752,.13456392,.11691523
1970,2,.42958546,.38203192,.40523529,.36459827,.14974403,.11889744,.4063201,.3652277,.40428114,.37266588,.12293005,.089320183,.436306,.39657307,.40151739,.36359882,.13456392,.11691523
1970,3,.42958546,.38203192,.49176979,.44842482,.14974403,.11989546,.4063201,.3652277,.44075584,.40726376,.12293005,.08932066,.436306,.39657307,.49845505,.45839691,.13456392,.11691523
1970,4,.42958546,.38203192,.48379183,.43904066,.14974403,.12092066,.4063201,.3652277,.39640856,.36180067,.12293005,.089320183,.436306,.39657307,.51401997,.47378349,.13456392,.1169157
1970,5,.42958546,.38203192,.089117527,.0649333,.14974403,.13076019,.4063201,.3652277,.13940907,.12195015,.12293005,.08932066,.436306,.39657307,-.12603664,-.14559984,.13456392,.11691475
1971,1,.4596715,.40038729,.43205166,.39318037,.18668365,.15883923,.41593599,.37345076,.41642904,.39259386,.12709713,.091333389,.49410295,.42780733,.46803999,.42033529,.22452164,.21072721
1971,2,.4596715,.40038729,.45197868,.39889336,.18668365,.15532017,.41593599,.37345076,.42410088,.39177275,.12709713,.091333389,.49410295,.42780733,.48690319,.41855812,.22452164,.21072769
1971,3,.4596715,.40038729,.50951576,.45243216,.18668365,.15789843,.41593599,.37345076,.4464922,.41224575,.12709713,.091333389,.49410295,.42780733,.53374434,.46154356,.22452164,.21072721
1971,4,.4596715,.40038729,.50183868,.44369173,.18668365,.15711594,.41593599,.37345076,.40804863,.37266111,.12709713,.091333389,.49410295,.42780733,.54406881,.47154713,.22452164,.21072769
1971,5,.4596715,.40038729,.23404837,.20827532,.18668365,.13934755,.41593599,.37345076,.048662186,.030809879,.12709713,.091333866,.49410295,.42780733,.40167809,.36641693,.22452164,.21072721
1972,1,.44340944,.38963604,.41598797,.3817668,.1693306,.13983727,.40057993,.36184025,.38803577,.36703491,.11589146,.080471039,.47559595,.41785526,.46739721,.42634678,.19554949,.18133402
1972,2,.44340944,.38963604,.45448208,.4074688,.1693306,.13755465,.40057993,.36184025,.42917776,.40069389,.11589146,.080471039,.47559595,.41785526,.48563671,.426826,.19554949,.18133307
1972,3,.44340944,.38963604,.50351763,.45263863,.1693306,.1407342,.40057993,.36184025,.44832039,.41814661,.11589146,.080471039,.47559595,.41785526,.51520061,.45307064,.19554949,.18133402
1972,4,.44340944,.38963604,.43716192,.38492012,.1693306,.14115858,.40057993,.36184025,.34615564,.31497574,.11589146,.080471992,.47559595,.41785526,.46946907,.40706301,.19554949,.18133354
1972,5,.44340944,.38963604,.24012947,.21475983,.1693306,.13716793,.40057993,.36184025,.16570044,.14997149,.11589146,.080471039,.47559595,.41785526,.21133804,.18099499,.19554949,.18133402
1973,1,.44716263,.38841009,.42095661,.38311434,.18500948,.15463543,.41179514,.36918497,.3798399,.3561101,.12747049,.090929508,.46892405,.4056983,.48876429,.44314718,.21412468,.20150661
1973,2,.44716263,.38841009,.46308327,.4109869,.18500948,.15242672,.41179514,.36918497,.4351306,.40294504,.12747049,.090929508,.46892405,.4056983,.49783039,.432477,.21412468,.20150614
1973,3,.44716263,.38841009,.48965263,.43303108,.18500948,.15661955,.41179514,.36918497,.444664,.41056871,.12747049,.090929508,.46892405,.4056983,.48513794,.41609669,.21412468,.20150661
1973,4,.44716263,.38841009,.44861412,.390131,.18500948,.15802526,.41179514,.36918497,.38846779,.3532362,.12747049,.090929985,.46892405,.4056983,.43736839,.36801958,.21412468,.20150709
1973,5,.44716263,.38841009,.37661934,.34712029,.18500948,.1594944,.41179514,.36918497,.401052,.38327885,.12747049,.090929508,.46892405,.4056983,.19737196,.16365433,.21412468,.20150614
1974,1,.43265057,.37468338,.39318514,.35723877,.1825366,.14688587,.39144611,.34713078,.36068249,.33759308,.13257122,.088476658,.46212626,.40244913,.45028496,.40791893,.20210648,.1871438
1974,2,.43265057,.37468338,.42952013,.38018608,.1825366,.14434481,.39144611,.34713078,.39150858,.36019087,.13257122,.088477612,.46212626,.40244913,.47870064,.41800499,.20210648,.18714333
1974,3,.43265057,.37468338,.49534702,.4413662,.1825366,.1493144,.39144611,.34713078,.45184565,.41866922,.13257122,.088478088,.46212626,.40244913,.48914862,.42502832,.20210648,.1871438
1974,4,.43265057,.37468338,.47236681,.41607618,.1825366,.15210104,.39144611,.34713078,.41926575,.38498497,.13257122,.088477612,.46212626,.40244913,.44941378,.38500834,.20210648,.1871438
1974,5,.43265057,.37468338,.14335251,.1191144,.1825366,.13105059,.39144611,.34713078,-.061768055,-.079061985,.13257122,.088477135,.46212626,.40244913,.32389498,.29258013,.20210648,.1871438
1975,1,.42192411,.36710739,.37776613,.34356785,.17261553,.13974285,.37990332,.34112167,.33665562,.3166585,.1160183,.076627254,.45425749,.39338112,.4433856,.40034676,.20616674,.19011688
1975,2,.42192411,.36710739,.42687273,.37963533,.17261553,.13820887,.37990332,.34112167,.40514612,.37802362,.1160183,.076626778,.45425749,.39338112,.45313025,.39147043,.20616674,.19011688
1975,3,.42192411,.36710739,.47935772,.42799282,.17261553,.14207745,.37990332,.34112167,.43745184,.40871954,.1160183,.076626778,.45425749,.39338112,.47515059,.41001177,.20616674,.19011688
1975,4,.42192411,.36710739,.44108915,.38953924,.17261553,.13929081,.37990332,.34112167,.34207249,.3123827,.1160183,.076626778,.45425749,.39338112,.49201727,.42658806,.20616674,.19011736
1975,5,.42192411,.36710739,.43681431,.41251802,.17261553,.13136387,.37990332,.34112167,.33064461,.31566715,.1160183,.076626778,.45425749,.39338112,.47430372,.44249105,.20616674,.19011688
1976,1,.42225456,.35651636,.36096382,.31885433,.20700598,.17206907,.38198996,.33354712,.33744764,.31072235,.14491892,.10240841,.45208168,.37894297,.4055171,.35364723,.2476964,.22912836
1976,2,.42225456,.35651636,.42633867,.36850405,.20700598,.16921568,.38198996,.33354712,.4061141,.36986589,.14491892,.10240841,.45208168,.37894297,.45048904,.37617588,.2476964,.22912884
1976,3,.42225456,.35651636,.48727369,.42475557,.20700598,.17292833,.38198996,.33354712,.43206882,.39367008,.14491892,.10240793,.45208168,.37894297,.49951506,.42101002,.2476964,.22912836
1976,4,.42225456,.35651636,.46437263,.40074873,.20700598,.17191458,.38198996,.33354712,.36966705,.329988,.14491892,.10240841,.45208168,.37894297,.50470543,.42585182,.2476964,.22912836
1976,5,.42225456,.35651636,.45311165,.42424393,.20700598,.15608215,.38198996,.33354712,.29002333,.27000618,.14491892,.10240841,.45208168,.37894297,.58070135,.54236126,.2476964,.22912836
1977,1,.40280533,.33797932,.35118866,.30957079,.20413494,.17006111,.36219835,.31264019,.32640076,.29831791,.14825678,.10761023,.43253803,.36324215,.39722395,.34779596,.23468351,.21834135
1977,2,.40280533,.33797932,.40469456,.3472743,.20413494,.16800499,.36219835,.31264019,.37064266,.33255291,.14825678,.1076107,.43253803,.36324215,.44836426,.37755013,.23468351,.21834183
1977,3,.40280533,.33797932,.45504904,.39281321,.20413494,.17214823,.36219835,.31264019,.39335394,.35300398,.14825678,.1076107,.43253803,.36324215,.47357464,.39876556,.23468351,.21834183
1977,4,.40280533,.33797932,.44825172,.38430786,.20413494,.17278004,.36219835,.31264019,.37294865,.33125401,.14825678,.1076107,.43253803,.36324215,.46051121,.38536882,.23468351,.21834278
1977,5,.40280533,.33797932,.56134033,.53126621,.20413494,.1626029,.36219835,.31264019,.46540213,.44436789,.14825678,.10761023,.43253803,.36324215,.58143663,.54490137,.23468351,.21834183
1978,1,.37837362,.31873894,.36079264,.32362032,.1877861,.15189457,.34372997,.29996014,.33601379,.31337023,.13093948,.086768627,.40057135,.33584833,.40759706,.36189175,.21919632,.20189667
1978,2,.37837362,.31873894,.37162685,.3210268,.1877861,.14804888,.34372997,.29996014,.32873058,.29801846,.13093948,.086768627,.40057135,.33584833,.42802286,.36254215,.21919632,.20189667
1978,3,.37837362,.31873894,.44678402,.39136314,.1877861,.1532979,.34372997,.29996014,.3969636,.36442852,.13093948,.086768627,.40057135,.33584833,.45075846,.38158321,.21919632,.20189667
1978,4,.37837362,.31873894,.42039728,.36234474,.1877861,.15686083,.34372997,.29996014,.38087654,.34725761,.13093948,.086769104,.40057135,.33584833,.3818469,.31236458,.21919632,.20189619
1978,5,.37837362,.31873894,-.02777338,-.05411005,.1877861,.14239645,.34372997,.29996014,-.10922956,-.12618923,.13093948,.086768627,.40057135,.33584833,-.018908978,-.052692413,.21919632,.20189667
1979,1,.39025927,.32509899,.35165596,.31068325,.20518637,.16742325,.34979248,.2993803,.29798603,.2699852,.15081167,.10729456,.41993189,.35087538,.43168783,.38266897,.23387289,.21653223
1979,2,.39025927,.32509899,.38318348,.32611942,.20518637,.16696119,.34979248,.2993803,.353652,.3156743,.15081167,.10729456,.41993189,.35087538,.42050791,.35028028,.23387289,.21653271
1979,3,.39025927,.32509899,.4513607,.38923073,.20518637,.1718564,.34979248,.2993803,.41187668,.37164545,.15081167,.10729456,.41993189,.35087538,.44189835,.36770868,.23387289,.21653223
1979,4,.39025927,.32509899,.44830799,.38459349,.20518637,.17215967,.34979248,.2993803,.37128639,.32971478,.15081167,.10729456,.41993189,.35087538,.46161556,.38709688,.23387289,.21653175
1979,5,.39025927,.32509899,.26317215,.23001099,.20518637,.17929649,.34979248,.2993803,.31918383,.2982111,.15081167,.10729456,.41993189,.35087538,.029872417,-.0063605309,.23387289,.21653271
1980,1,.39785385,.33298922,.36182117,.3205781,.20425653,.16852856,.36561918,.31512594,.32422876,.2961359,.15105391,.10764837,.41747427,.34911728,.42224073,.37292242,.23150253,.21785641
1980,2,.39785385,.33298922,.4017601,.34460926,.20425653,.16721582,.36561918,.31512594,.38334179,.34523916,.15105391,.1076479,.41747427,.34911728,.42353058,.35287428,.23150253,.21785545
1980,3,.39785385,.33298922,.45554924,.39304686,.20425653,.17288446,.36561918,.31512594,.42044258,.38007879,.15105391,.1076479,.41747427,.34911728,.44013691,.36549425,.23150253,.21785593
1980,4,.39785385,.33298922,.4247303,.36030293,.20425653,.17408657,.36561918,.31512594,.34756041,.30585146,.15105391,.1076479,.41747427,.34911728,.43430471,.35933065,.23150253,.21785545
1980,5,.39785385,.33298922,.32673502,.29623032,.20425653,.16493082,.36561918,.31512594,.29705095,.27601004,.15105391,.1076479,.41747427,.34911728,.26223946,.22578573,.23150253,.21785593
1981,1,.3845129,.31794453,.40524483,.36222601,.20962095,.17578411,.34920073,.29465055,.37404251,.34261179,.16319036,.12043667,.40890598,.34110165,.45760822,.40814686,.22963095,.21848774
1981,2,.3845129,.31794453,.37421846,.31463099,.20962095,.17434454,.34920073,.29465055,.3521843,.30955458,.16319036,.12043619,.40890598,.34110165,.40130568,.33044386,.22963095,.21848774
1981,3,.3845129,.31794453,.42969656,.36443377,.20962095,.18052053,.34920073,.29465055,.40240431,.35724497,.16319036,.12043619,.40890598,.34110165,.4056282,.33076906,.22963095,.21848822
1981,4,.3845129,.31794453,.40473747,.33798122,.20962095,.18037796,.34920073,.29465055,.32862425,.28196096,.16319036,.12043619,.40890598,.34110165,.41882467,.34363222,.22963095,.21848822
1981,5,.3845129,.31794453,.0047364235,-.024882793,.20962095,.16014433,.34920073,.29465055,-.18146944,-.20501041,.16319036,.12043619,.40890598,.34110165,.17775583,.1411953,.22963095,.21848869
1982,1,.40901136,.34383202,.42754412,.38685656,.2052474,.16625834,.38193989,.32636023,.40761757,.37563896,.16627073,.12253857,.42313528,.35984898,.4650712,.420681,.21433115,.19608688
1982,2,.40901136,.34383202,.39256716,.33588457,.2052474,.16584587,.38193989,.32636023,.36589575,.32252216,.16627073,.12253809,.42313528,.35984898,.42641306,.36281633,.21433115,.19608688
1982,3,.40901136,.34383202,.46547604,.40358019,.2052474,.17120695,.38193989,.32636023,.42208862,.37614202,.16627073,.12253761,.42313528,.35984898,.46451044,.39732599,.21433115,.19608736
1982,4,.40901136,.34383202,.43739462,.37198877,.2052474,.17673063,.38193989,.32636023,.40005922,.35258102,.16627073,.12253809,.42313528,.35984898,.39534616,.32786226,.21433115,.19608784
1982,5,.40901136,.34383202,-.00098180771,-.035054684,.2052474,.18422365,.38193989,.32636023,.067789078,.04383707,.16627073,.12253809,.42313528,.35984898,-.25836468,-.29117584,.21433115,.19608688
1983,1,.44534445,.3817091,.45892763,.4188652,.20038462,.1637063,.42536497,.37574291,.45561981,.42824268,.14844799,.10490704,.45144272,.38361454,.47687006,.42928839,.22971249,.21018648
1983,2,.44534445,.3817091,.43914509,.38430643,.20038462,.1604495,.42536497,.37574291,.4258914,.38875866,.14844799,.10490751,.45144272,.38361454,.45418262,.38601303,.22971249,.21018744
1983,3,.44534445,.3817091,.4863596,.42639399,.20038462,.16586828,.42536497,.37574291,.45713997,.41780376,.14844799,.10490704,.45144272,.38361454,.47026396,.3982482,.22971249,.21018696
1983,4,.44534445,.3817091,.47777176,.41537905,.20038462,.16858816,.42536497,.37574291,.41142893,.3707819,.14844799,.10490751,.45144272,.38361454,.47786999,.40553474,.22971249,.210186
1983,5,.44534445,.3817091,.25315619,.22412205,.20038462,.15698051,.42536497,.37574291,.18437529,.16386938,.14844799,.10490751,.45144272,.38361454,.24885321,.21368265,.22971249,.21018696
1984,1,.45688391,.38804007,.47527838,.43148708,.21678591,.17894459,.4337225,.37885952,.4645052,.43345356,.16412592,.11898661,.46671438,.39385843,.50120449,.44925833,.24673796,.22946501
1984,2,.45688391,.38804007,.44640827,.38586569,.21678591,.17713833,.4337225,.37885952,.43713665,.39502048,.16412592,.11898613,.46671438,.39385843,.45567799,.38125563,.24673796,.22946596
1984,3,.45688391,.38804007,.50065947,.43443871,.21678591,.18317127,.4337225,.37885952,.47149467,.42687941,.16412592,.11898613,.46671438,.39385843,.48138428,.40276337,.24673796,.22946548
1984,4,.45688391,.38804007,.4917016,.42352724,.21678591,.1842103,.4337225,.37885952,.40619469,.36009264,.16412592,.11898661,.46671438,.39385843,.51493311,.43596268,.24673796,.22946596
1984,5,.45688391,.38804007,.30325842,.27109289,.21678591,.17391539,.4337225,.37885952,.25150633,.22824907,.16412592,.11898661,.46671438,.39385843,.275002,.23660564,.24673796,.22946501
1985,1,.4758563,.40538454,.52871466,.48289204,.22191238,.18724203,.46001959,.39548588,.5332408,.49294472,.19305706,.15440989,.47761679,.41257286,.53523588,.48886585,.22028351,.20483255
1985,2,.4758563,.40538454,.47018147,.40597916,.22191238,.18784761,.46001959,.39548588,.47035837,.4157033,.19305706,.15440989,.47761679,.41257286,.46628857,.39985514,.22028351,.20483303
1985,3,.4758563,.40538454,.47348499,.4039669,.22191238,.19229126,.46001959,.39548588,.4358201,.37792301,.19305706,.15440941,.47761679,.41257286,.46954679,.3993659,.22028351,.20483255
1985,4,.4758563,.40538454,.49125862,.41882658,.22191238,.19571447,.46001959,.39548588,.42910957,.36928272,.19305706,.15440989,.47761679,.41257286,.48980093,.41930866,.22028351,.20483112
1985,5,.4758563,.40538454,.4194994,.38350773,.22191238,.19459915,.46001959,.39548588,.39776421,.36758232,.19305706,.15440989,.47761679,.41257286,.32821465,.29393959,.22028351,.20483303
1986,1,.48511124,.42045736,.57677555,.53529835,.20359182,.16948557,.46113729,.4038291,.57002449,.53569174,.17144203,.13156033,.49768734,.43611622,.59647799,.55233765,.20852137,.19498205
1986,2,.48511124,.42045736,.47846031,.42070246,.20359182,.16899252,.46113729,.4038291,.45262098,.40605402,.17144203,.13156033,.49768734,.43611622,.51162386,.44838572,.20852137,.19498253
1986,3,.48511124,.42045736,.47315598,.41012764,.20359182,.17433929,.46113729,.4038291,.43884516,.38951492,.17144203,.1315608,.49768734,.43611622,.46634293,.39953709,.20852137,.19498253
1986,4,.48511124,.42045736,.47165871,.40524387,.20359182,.17945623,.46113729,.4038291,.43416452,.38319063,.17144203,.13156033,.49768734,.43611622,.43743563,.37033176,.20852137,.19498253
1986,5,.48511124,.42045736,.12774038,.095814228,.20359182,.17261744,.46113729,.4038291,.063035488,.037320614,.17144203,.13156033,.49768734,.43611622,.10158014,.068953991,.20852137,.19498253
1987,1,.48539639,.40848255,.55559683,.50479507,.24219847,.20758867,.46733141,.39802408,.55989552,.51608324,.20733881,.16788483,.49023247,.41640282,.56337643,.51088333,.25003624,.23187971
1987,2,.48539639,.40848255,.49311733,.42270517,.24219847,.20601559,.46733141,.39802408,.47823477,.41881037,.20733881,.1678853,.49023247,.41640282,.51067781,.43547297,.25003624,.23187923
1987,3,.48539639,.40848255,.4923811,.41630459,.24219847,.21043253,.46733141,.39802408,.46137857,.39842892,.20733881,.16788483,.49023247,.41640282,.48282146,.40337372,.25003624,.23187923
1987,4,.48539639,.40848255,.48282099,.40329361,.24219847,.21488714,.46733141,.39802408,.43726349,.37221527,.20733881,.16788483,.49023247,.41640282,.46112347,.38132334,.25003624,.23187923
1987,5,.48539639,.40848255,.071718216,.032767296,.24219847,.21059895,.46733141,.39802408,.0059404373,-.026875496,.20733881,.1678853,.49023247,.41640282,.039196014,.000395298,.25003624,.23187923
1988,1,.50220776,.43701029,.56623459,.52455139,.20530319,.17032671,.4760294,.41782856,.56257725,.52802372,.1741128,.13240385,.51810932,.45599318,.58264256,.53855705,.2103653,.1947422
1988,2,.50220776,.43701029,.51283646,.45505381,.20530319,.16906309,.4760294,.41782856,.48654127,.43967628,.1741128,.13240337,.51810932,.45599318,.54673576,.48357582,.2103653,.1947422
1988,3,.50220776,.43701029,.51038218,.44749212,.20530319,.1739583,.4760294,.41782856,.48125982,.43161392,.1741128,.13240337,.51810932,.45599318,.49959564,.4328723,.2103653,.1947422
1988,4,.50220776,.43701029,.48113203,.41500378,.20530319,.17868233,.4760294,.41782856,.43725491,.38595438,.1741128,.13240385,.51810932,.45599318,.45802164,.39100122,.2103653,.1947422
1988,5,.50220776,.43701029,.19291496,.16413212,.20530319,.15562391,.4760294,.41782856,-.038892269,-.064772606,.1741128,.13240385,.51810932,.45599318,.43634605,.40375996,.2103653,.1947422
1989,1,.52831888,.46112299,.59953451,.5566082,.2115984,.17540836,.50104094,.43555641,.57696342,.5359273,.19590092,.15724277,.54584694,.48819542,.63790798,.59754515,.19524765,.17829847
1989,2,.52831888,.46112299,.53122187,.47076321,.2115984,.17689466,.50104094,.43555641,.50929546,.45363855,.19590092,.1572423,.54584694,.48819542,.55907774,.50125074,.19524765,.17829847
1989,3,.52831888,.46112299,.51075411,.44507742,.2115984,.1816659,.50104094,.43555641,.47610044,.41714144,.19590092,.15724182,.54584694,.48819542,.50752878,.44643879,.19524765,.17829847
1989,4,.52831888,.46112299,.54791689,.47861862,.2115984,.18724632,.50104094,.43555641,.50180674,.44088221,.19590092,.15724277,.54584694,.48819542,.52796936,.46660805,.19524765,.17829847
1989,5,.52831888,.46112299,.31758404,.28189707,.2115984,.19294977,.50104094,.43555641,.32193804,.29120255,.19590092,.15724277,.54584694,.48819542,.1694808,.13964653,.19524765,.17829847
1990,1,.5298605,.45842838,.58087254,.53420973,.22493696,.19067526,.51118755,.44570351,.56099701,.5195117,.19589949,.15896559,.53797913,.46988106,.61457157,.5663352,.23062658,.21307516
1990,2,.5298605,.45842838,.55930328,.49393368,.22493696,.19126272,.51118755,.44570351,.54572153,.48945379,.19589949,.15896606,.53797913,.46988106,.57554054,.50643396,.23062658,.21307516
1990,3,.5298605,.45842838,.51662064,.44602299,.22493696,.1952796,.51118755,.44570351,.49089098,.43128538,.19589949,.15896559,.53797913,.46988106,.50698566,.43398094,.23062658,.21307516
1990,4,.5298605,.45842838,.50772142,.43368721,.22493696,.20004225,.51118755,.44570351,.46389103,.40229893,.19589949,.15896606,.53797913,.46988106,.49092627,.41759586,.23062658,.21307516
1990,5,.5298605,.45842838,.502069,.46362972,.22493696,.20783281,.51118755,.44570351,.56323242,.53215981,.19589949,.15896606,.53797913,.46988106,.28331709,.24766302,.23062658,.21307516
1991,1,.55066586,.47110367,.61286831,.56017876,.25053835,.21530294,.53958273,.46185827,.61543798,.56384611,.23251867,.1976943,.54964209,.47843933,.61955023,.57007837,.24114132,.21853447
1991,2,.55066586,.47110367,.57803965,.50387239,.25053835,.21700239,.53958273,.46185827,.5808897,.5109148,.23251867,.19769382,.54964209,.47843933,.57098246,.50010633,.24114132,.21853399
1991,3,.55066586,.47110367,.54889631,.46959019,.25053835,.2193656,.53958273,.46185827,.51328373,.43915653,.23251867,.1976943,.54964209,.47843933,.55401325,.47913742,.24114132,.21853447
1991,4,.55066586,.47110367,.52493858,.44232845,.25053835,.22321701,.53958273,.46185827,.46393538,.38733768,.23251867,.19769382,.54964209,.47843933,.53590441,.46069622,.24114132,.21853447
1991,5,.55066586,.47110367,.27753782,.23206615,.25053835,.24585629,.53958273,.46185827,.44542789,.40678501,.23251867,.19769382,.54964209,.47843933,-.11181879,-.148386,.24114132,.21853447
1992,1,.55334139,.47565317,.61465454,.56409979,.24463844,.20657778,.54054832,.46440411,.60172033,.55242014,.22779036,.18891335,.55511189,.4856534,.63849926,.59005737,.23523331,.21398401
1992,2,.55334139,.47565317,.58469343,.51296139,.24463844,.20987797,.54054832,.46440411,.59658957,.52972174,.22779036,.18891382,.55511189,.4856534,.56488228,.49548101,.23523331,.21398401
1992,3,.55334139,.47565317,.55249071,.47527266,.24463844,.21359015,.54054832,.46440411,.53223324,.4613986,.22779036,.18891335,.55511189,.4856534,.53593016,.46261358,.23523331,.21398401
1992,4,.55334139,.47565317,.54098892,.4620719,.24463844,.21323872,.54054832,.46440411,.46519279,.39199686,.22779036,.18891335,.55511189,.4856534,.57799292,.50435019,.23523331,.21398401
1992,5,.55334139,.47565317,.25643587,.21398067,.24463844,.22954798,.54054832,.46440411,.34324884,.30632305,.22779036,.18891382,.55511189,.4856534,.00052452087,-.035281181,.23523331,.21398401
1993,1,.57991219,.49525976,.66552925,.60914326,.26656485,.23040485,.56405973,.48172188,.65262413,.59830475,.24631739,.20814562,.58574009,.50813961,.68973446,.63476181,.26280689,.24283218
1993,2,.57991219,.49525976,.60155249,.52216387,.26656485,.23228025,.56405973,.48172188,.60330296,.5296278,.24631739,.20814514,.58574009,.50813961,.59624147,.51748419,.26280689,.24283218
1993,3,.57991219,.49525976,.55197001,.46663857,.26656485,.23603058,.56405973,.48172188,.54016829,.46212244,.24631739,.20814514,.58574009,.50813961,.52725124,.44405079,.26280689,.24283218
1993,4,.57991219,.49525976,.58476305,.49688005,.26656485,.23746538,.56405973,.48172188,.50064659,.41999865,.24631739,.20814562,.58574009,.50813961,.62694931,.54337788,.26280689,.24283266
1993,5,.57991219,.49525976,.27089453,.22553492,.26656485,.24525118,.56405973,.48172188,.31288004,.27219439,.24631739,.20814562,.58574009,.50813961,.098039627,.057406902,.26280689,.24283171
1994,1,.58523417,.49545574,.6159606,.55647278,.28270912,.24308157,.56383419,.47311401,.58594418,.52548552,.27139473,.23167038,.59805679,.51932001,.66073751,.60563183,.2666564,.24342251
1994,2,.58523417,.49545574,.66376209,.57957363,.28270912,.24632359,.56383419,.47311401,.66612768,.58412504,.27139473,.23167181,.59805679,.51932001,.65765905,.57871056,.2666564,.24342251
1994,3,.58523417,.49545574,.58621979,.49601984,.28270912,.24949884,.56383419,.47311401,.5531311,.46626472,.27139473,.2316699,.59805679,.51932001,.58868885,.50528622,.2666564,.24342251
1994,4,.58523417,.49545574,.514606,.42084837,.28270912,.25333738,.56383419,.47311401,.43524885,.34548616,.27139473,.23167086,.59805679,.51932001,.54718113,.46340752,.2666564,.24342299
1994,5,.58523417,.49545574,.48034382,.43142605,.28270912,.26449108,.56383419,.47311401,.57832861,.53304529,.27139473,.23167086,.59805679,.51932001,.2280817,.18734932,.2666564,.24342299
1995,1,.58909607,.49469948,.65336227,.58958769,.29725027,.26059914,.57353497,.47551155,.64630032,.57916164,.29324389,.25726795,.5938406,.51451302,.67190409,.61611319,.26865625,.24644899
1995,2,.58909607,.49469948,.65492773,.56491995,.29725027,.26335049,.57353497,.47551155,.64940691,.55834484,.29324389,.25726843,.5938406,.51451302,.6598196,.57988977,.26865625,.24644852
1995,3,.58909607,.49469948,.56526279,.4691515,.29725027,.26585007,.57353497,.47551155,.53377724,.43731213,.29324389,.25726795,.5938406,.51451302,.56602669,.48158693,.26865625,.24644899
1995,4,.58909607,.49469948,.52415371,.42371035,.29725027,.27140236,.57353497,.47551155,.46357918,.36389828,.29324389,.25726843,.5938406,.51451302,.53131342,.44649792,.26865625,.24644995
1995,5,.58909607,.49469948,.40883541,.35652828,.29725027,.2828126,.57353497,.47551155,.48397303,.43368578,.29324389,.25726843,.5938406,.51451302,.17870665,.13746834,.26865625,.24644899
1996,1,.58219051,.49010134,.64574146,.58216095,.28998423,.25980568,.55049324,.45290899,.63931131,.57064629,.29192924,.26311541,.60823202,.53254318,.66568756,.61292219,.25633335,.23308325
1996,2,.58219051,.49010134,.637012,.547997,.28998423,.26044512,.55049324,.45290899,.616467,.52333498,.29192924,.26311493,.60823202,.53254318,.66339779,.58780336,.25633335,.23308277
1996,3,.58219051,.49010134,.5540328,.45966053,.28998423,.26103783,.55049324,.45290899,.49916697,.40050983,.29192924,.26311541,.60823202,.53254318,.5903182,.51045799,.25633335,.23308277
1996,4,.58219051,.49010134,.53610706,.43740702,.28998423,.26669216,.55049324,.45290899,.45817661,.35622978,.29192924,.26311588,.60823202,.53254318,.57294559,.49273014,.25633335,.23308277
1996,5,.58219051,.49010134,.70726633,.65918016,.28998423,.25999546,.55049324,.45290899,.57084799,.51941776,.29192924,.26311541,.60823202,.53254318,.81800985,.77900839,.25633335,.23308229
1997,1,.58612013,.49537277,.64415216,.58242369,.28575945,.25223589,.56935549,.47613811,.63309336,.56832838,.27886629,.24817276,.59270382,.515306,.66805983,.61414051,.2621212,.23818064
1997,2,.58612013,.49537277,.64231968,.55548716,.28575945,.25405979,.56935549,.47613811,.62757921,.53973579,.27886629,.24817324,.59270382,.515306,.66037178,.58312321,.2621212,.23818064
1997,3,.58612013,.49537277,.57337475,.48088455,.28575945,.25583267,.56935549,.47613811,.52950001,.43644571,.27886629,.24817228,.59270382,.515306,.59227228,.51066542,.2621212,.23818064
1997,4,.58612013,.49537277,.51733971,.4203701,.28575945,.26201534,.56935549,.47613811,.47452545,.37836933,.27886629,.24817181,.59270382,.515306,.50646353,.42449427,.2621212,.23818064
1997,5,.58612013,.49537277,.57220364,.51921272,.28575945,.28651476,.56935549,.47613811,.7564621,.70795298,.27886629,.24817228,.59270382,.515306,.1605258,.12067127,.2621212,.23818064
1998,1,.60413504,.52195358,.62887764,.57471561,.25878525,.22131824,.59949732,.51630545,.63731194,.58257484,.24887323,.20974684,.59505844,.52490473,.63090754,.58294439,.23758745,.21187067
1998,2,.60413504,.52195358,.65591288,.58037758,.25878525,.22100639,.59949732,.51630545,.65345383,.57921219,.24887323,.20974588,.59505844,.52490473,.65649796,.58778238,.23758745,.21187067
1998,3,.60413504,.52195358,.6211319,.54034996,.25878525,.22344828,.59949732,.51630545,.5979414,.51929474,.24887323,.20974636,.59505844,.52490473,.61258221,.53998995,.23758745,.21187019
1998,4,.60413504,.52195358,.58699894,.50214052,.25878525,.22929144,.59949732,.51630545,.55215883,.47089148,.24887323,.20974541,.59505844,.52490473,.56409502,.4911809,.23758745,.21187019
1998,5,.60413504,.52195358,.23468351,.19402838,.25878525,.21981525,.59949732,.51630545,.17725277,.13625479,.24887323,.20974588,.59505844,.52490473,.24924231,.21378994,.23758745,.21187019
1999,1,.63101292,.54217768,.6735301,.61327314,.2797389,.24622679,.61457109,.52787924,.65944195,.60099173,.2593441,.22397518,.63680935,.55579281,.7018404,.64445019,.27437782,.25351286
1999,2,.63101292,.54217768,.66619158,.58207655,.2797389,.24610996,.61457109,.52787924,.65232658,.57304764,.2593441,.22397614,.63680935,.55579281,.68290091,.60067987,.27437782,.25351191
1999,3,.63101292,.54217768,.62686062,.53676176,.2797389,.24921894,.61457109,.52787924,.60582066,.52183914,.2593441,.22397566,.63680935,.55579281,.61454248,.52768278,.27437782,.25351286
1999,4,.63101292,.54217768,.61891174,.52522898,.2797389,.25313568,.61457109,.52787924,.58154011,.49475908,.2593441,.22397661,.63680935,.55579281,.60213804,.5148921,.27437782,.25351286
1999,5,.63101292,.54217768,.46067286,.41354704,.2797389,.25479984,.61457109,.52787924,.43343353,.38965416,.2593441,.22397566,.63680935,.55579281,.38572359,.34330273,.27437782,.25351381
2000,1,.62581253,.54320765,.68663883,.63016748,.26011801,.23075485,.61436129,.53441858,.67757845,.62349319,.23915291,.20725012,.6260581,.55018044,.70859671,.65432262,.25697136,.23974895
2000,2,.62581253,.54320765,.67868471,.59999752,.26011801,.23022938,.61436129,.53441858,.66987991,.59652185,.23915291,.20724916,.6260581,.55018044,.68834829,.61059093,.25697136,.23974895
2000,3,.62581253,.54320765,.62174082,.53718185,.26011801,.23389387,.61436129,.53441858,.60749435,.5297842,.23915291,.20724964,.6260581,.55018044,.60088921,.51874495,.25697136,.23974895
2000,4,.62581253,.54320765,.54137182,.45419025,.26011801,.23556948,.61436129,.53441858,.49243832,.41213799,.23915291,.20724964,.6260581,.55018044,.54426193,.46175241,.25697136,.23974848
2000,5,.62581253,.54320765,.39630747,.35324574,.26011801,.23282671,.61436129,.53441858,.38415527,.3436451,.23915291,.20724964,.6260581,.55018044,.33641768,.29630089,.25697136,.23974848
2001,1,.63912058,.55328894,.66821241,.60984802,.27027941,.23848867,.63856268,.55351257,.66560698,.60698509,.2544322,.22463274,.62580776,.54917002,.68130541,.62761545,.25954628,.23716879
2001,2,.63912058,.55328894,.69757605,.61536264,.27027941,.24054623,.63856268,.55351257,.70945787,.62994766,.2544322,.22463274,.62580776,.54917002,.67778301,.60086298,.25954628,.23716831
2001,3,.63912058,.55328894,.6528759,.56545115,.27027941,.24182081,.63856268,.55351257,.63481617,.55058765,.2544322,.22463274,.62580776,.54917002,.64023542,.55897522,.25954628,.23716879
2001,4,.63912058,.55328894,.57787323,.48746252,.27027941,.24429607,.63856268,.55351257,.54790926,.4608736,.2544322,.22463274,.62580776,.54917002,.56214952,.48052835,.25954628,.23716879
2001,5,.63912058,.55328894,.53437662,.48438406,.27027941,.27030134,.63856268,.55351257,.6941371,.65022898,.2544322,.22463274,.62580776,.54917002,.15183544,.11214972,.25954628,.23716879
2002,1,.64167356,.55493879,.66413832,.60573959,.27312422,.23863268,.6378355,.54739094,.66615105,.60446453,.27057123,.23637533,.63268328,.56060076,.67207289,.62187243,.2441206,.22175217
2002,2,.64167356,.55493879,.72510767,.64240885,.27312422,.24196625,.6378355,.54739094,.74313831,.65947151,.27057123,.23637581,.63268328,.56060076,.69648218,.62456179,.2441206,.22175169
2002,3,.64167356,.55493879,.65807772,.57020426,.27312422,.24306345,.6378355,.54739094,.64881277,.56018209,.27057123,.23637533,.63268328,.56060076,.63360786,.55763006,.2441206,.22175217
2002,4,.64167356,.55493879,.55433321,.4644022,.27312422,.24299812,.6378355,.54739094,.49969435,.40810919,.27057123,.23637533,.63268328,.56060076,.57456541,.49824905,.2441206,.22175264
2002,5,.64167356,.55493879,.41729641,.37227488,.27312422,.24342394,.6378355,.54739094,.32094049,.27473688,.27057123,.23637581,.63268328,.56060076,.46027136,.42316628,.2441206,.22175121
2003,1,.61936951,.52495003,.65645695,.59262276,.2973218,.26084328,.61346817,.51632357,.64855862,.58196306,.29061508,.2551856,.61372137,.5321312,.67524481,.61838865,.27631998,.25115347
2003,2,.61936951,.52495003,.7012434,.61130953,.2973218,.26313543,.61346817,.51632357,.70261288,.612288,.29061508,.2551856,.61372137,.5321312,.69664288,.61518621,.27631998,.25115347
2003,3,.61936951,.52495003,.63382673,.5379653,.2973218,.26515865,.61346817,.51632357,.62573242,.53004837,.29061508,.25518513,.61372137,.5321312,.61068535,.52463388,.27631998,.25115347
2003,4,.61936951,.52495003,.54187059,.44257116,.2973218,.26831198,.61346817,.51632357,.50602818,.40715408,.29061508,.25518513,.61372137,.5321312,.53293896,.44650459,.27631998,.25115347
2003,5,.61936951,.52495003,.35277987,.3011179,.2973218,.27932453,.61346817,.51632357,.3751297,.3252492,.29061508,.2551856,.61372137,.5321312,.19898701,.15696096,.27631998,.25115347
2004,1,.63631439,.53795767,.64331484,.57727957,.30972242,.26983595,.64224863,.5410943,.63742447,.56857729,.30260992,.26381302,.6151619,.53038979,.66051054,.60191059,.2870965,.25885439
2004,2,.63631439,.53795767,.71047449,.61726379,.30972242,.27272272,.64224863,.5410943,.72684956,.63347054,.30260992,.2638135,.6151619,.53038979,.68432903,.60037565,.2870965,.25885296
2004,3,.63631439,.53795767,.68278408,.58367634,.30972242,.2741375,.64224863,.5410943,.67550087,.57658148,.30260992,.26381302,.6151619,.53038979,.65666246,.56797266,.2870965,.25885391
2004,4,.63631439,.53795767,.56437159,.46222639,.30972242,.27600241,.64224863,.5410943,.53013039,.42791414,.30260992,.26381302,.6151619,.53038979,.55545521,.46637058,.2870965,.25885344
2004,5,.63631439,.53795767,.44124556,.38871861,.30972242,.28400326,.64224863,.5410943,.52152586,.46995926,.30260992,.26381302,.6151619,.53038979,.24242401,.19910955,.2870965,.25885391
2005,1,.65784121,.55715084,.6728611,.6047678,.31706953,.27824688,.66574621,.56108618,.67130232,.59965324,.31309652,.27454948,.6336689,.5484705,.68483114,.62504578,.28853893,.26409388
2005,2,.65784121,.55715084,.72931147,.63315392,.31706953,.28134537,.66574621,.56108618,.74950171,.65232229,.31309652,.27454948,.6336689,.5484705,.69775724,.61210346,.28853893,.26409388
2005,3,.65784121,.55715084,.6869874,.58429289,.31706953,.28405809,.66574621,.56108618,.69969463,.59675121,.31309652,.27454853,.6336689,.5484705,.63331223,.54282713,.28853893,.26409435
2005,4,.65784121,.55715084,.57653141,.47081423,.31706953,.28565264,.66574621,.56108618,.54762125,.4412446,.31309652,.27454901,.6336689,.5484705,.5581069,.46721888,.28853893,.26409388
2005,5,.65784121,.55715084,.6475358,.59450865,.31706953,.28670692,.66574621,.56108618,.59906244,.54539728,.31309652,.27454948,.6336689,.5484705,.61970615,.57551479,.28853893,.26409388
2006,1,.65872431,.56257248,.67287683,.60848236,.30277729,.26313162,.65600395,.55518579,.67596483,.60740376,.3016057,.26272011,.64825916,.56803513,.68008232,.62510681,.27169228,.24284792
2006,2,.65872431,.56257248,.73527384,.64452267,.30277729,.26552534,.65600395,.55518579,.74907684,.65608501,.3016057,.26272011,.64825916,.56803513,.71279335,.63403034,.27169228,.2428484
2006,3,.65872431,.56257248,.68628788,.58989811,.30277729,.26661968,.65600395,.55518579,.67421675,.57570696,.3016057,.26272011,.64825916,.56803513,.6668725,.58366632,.27169228,.2428484
2006,4,.65872431,.56257248,.61317015,.5135498,.30277729,.26917839,.65600395,.55518579,.56855392,.46676064,.3016057,.26272011,.64825916,.56803513,.61579847,.53222275,.27169228,.2428484
2006,5,.65872431,.56257248,.427598,.37824726,.30277729,.26682663,.65600395,.55518579,.32261181,.27125883,.3016057,.26272011,.64825916,.56803513,.48547173,.44483614,.27169228,.24284792
2007,1,.65508604,.56432915,.67019796,.60958815,.28579044,.24766779,.65175867,.56017017,.67162371,.61010456,.27399254,.23573399,.64542484,.5657196,.67933321,.6245656,.26993561,.24192858
2007,2,.65508604,.56432915,.71675539,.63170528,.28579044,.24884319,.65175867,.56017017,.72497702,.64153719,.27399254,.23573351,.64542484,.5657196,.70219707,.62373257,.26993561,.24192953
2007,3,.65508604,.56432915,.68892241,.59839439,.28579044,.25040483,.65175867,.56017017,.67332077,.58493042,.27399254,.23573351,.64542484,.5657196,.67319441,.5903039,.26993561,.2419281
2007,4,.65508604,.56432915,.61729431,.52398014,.28579044,.25213957,.65175867,.56017017,.57513857,.48380136,.27399254,.23573303,.64542484,.5657196,.61788034,.53462076,.26993561,.24192858
2007,5,.65508604,.56432915,.40171146,.35498047,.28579044,.25266504,.65175867,.56017017,.35366392,.30758619,.27399254,.23573399,.64542484,.5657196,.37856197,.33808041,.26993561,.2419281
2008,1,.67072916,.57162333,.69729042,.6299634,.31208086,.27511597,.67832279,.57665539,.70786142,.63799429,.30414581,.26772118,.64653969,.5614419,.69558525,.63609219,.28819799,.26280069
2008,2,.67072916,.57162333,.73889494,.64428425,.31208086,.2768178,.67832279,.57665539,.74543047,.65066862,.30414581,.26772118,.64653969,.5614419,.72658968,.64135599,.28819799,.26280069
2008,3,.67072916,.57162333,.70349455,.60240269,.31208086,.27962589,.67832279,.57665539,.7022872,.60190296,.30414581,.26772118,.64653969,.5614419,.6658721,.57582951,.28819799,.26280117
2008,4,.67072916,.57162333,.61082125,.50697851,.31208086,.2805891,.67832279,.57665539,.59036112,.48662996,.30414581,.26772118,.64653969,.5614419,.58413172,.49368906,.28819799,.26280069
2008,5,.67072916,.57162333,.51106691,.45826578,.31208086,.28548813,.67832279,.57665539,.50667048,.45433998,.30414581,.26772118,.64653969,.5614419,.41672564,.37275124,.28819799,.26280117
2009,1,.66427374,.56020641,.65745926,.58637381,.32770395,.29047108,.67425919,.5722971,.66767216,.59767723,.30502653,.26821232,.63812637,.54146528,.6556406,.58822584,.32735872,.2977953
2009,2,.66427374,.56020641,.73876905,.6394887,.32770395,.29048252,.67425919,.5722971,.74761343,.65267754,.30502653,.26821232,.63812637,.54146528,.72337961,.62679625,.32735872,.2977953
2009,3,.66427374,.56020641,.71116543,.605268,.32770395,.29291821,.67425919,.5722971,.71680307,.6162343,.30502653,.26821232,.63812637,.54146528,.66870594,.56667376,.32735872,.29779482
2009,4,.66427374,.56020641,.6075716,.49948835,.32770395,.29204464,.67425919,.5722971,.56211281,.45819187,.30502653,.26821232,.63812637,.54146528,.61707783,.51459169,.32735872,.2977953
2009,5,.66427374,.56020641,.58453512,.52875042,.32770395,.30161619,.67425919,.5722971,.67066002,.6182332,.30502653,.26821184,.63812637,.54146528,.37290525,.32307529,.32735872,.2977953
2010,1,.6708765,.56826448,.68935919,.62057352,.32312059,.28107548,.67812634,.57339478,.68234301,.61123848,.3133111,.27246284,.64840031,.55830145,.708251,.64650154,.30513573,.27276945
2010,2,.6708765,.56826448,.73369837,.63721037,.32312059,.28231144,.67812634,.57339478,.74490452,.64846325,.3133111,.27246332,.64840031,.55830145,.71516705,.62670088,.30513573,.27276897
2010,3,.6708765,.56826448,.72909212,.62607527,.32312059,.28495073,.67812634,.57339478,.73667955,.63451719,.3133111,.27246332,.64840031,.55830145,.68528414,.59182644,.30513573,.27276897
2010,4,.6708765,.56826448,.60777617,.50171995,.32312059,.28656912,.67812634,.57339478,.5802269,.47465897,.3133111,.27246332,.64840031,.55830145,.59165382,.4977808,.30513573,.2727685
2010,5,.6708765,.56826448,.54416275,.49004078,.32312059,.29262733,.67812634,.57339478,.57350254,.52024555,.3133111,.27246284,.64840031,.55830145,.41005707,.36441422,.30513573,.27276993
2011,1,.67858171,.57582474,.68347645,.61558771,.32357693,.27741098,.68421841,.57791948,.66715145,.59634018,.31799984,.27134132,.65780401,.56956482,.71385527,.65361834,.29883671,.26608706
2011,2,.67858171,.57582474,.75414324,.65854645,.32357693,.27970409,.68421841,.57791948,.77222013,.67617607,.31799984,.2713418,.65780401,.56956482,.72571135,.63941193,.29883671,.26608753
2011,3,.67858171,.57582474,.74137592,.63925219,.32357693,.28247976,.68421841,.57791948,.75824308,.65650129,.31799984,.27134132,.65780401,.56956482,.68411255,.59294462,.29883671,.26608706
2011,4,.67858171,.57582474,.64395857,.53919315,.32357693,.28308296,.68421841,.57791948,.59679508,.49166203,.31799984,.27134132,.65780401,.56956482,.65069294,.55911922,.29883671,.26608706
2011,5,.67858171,.57582474,.2625103,.21100855,.32357693,.27846098,.68421841,.57791948,.22372341,.17068481,.31799984,.27134085,.65780401,.56956482,.25837708,.21385241,.29883671,.26608706
2012,1,.66940594,.55887794,.68657398,.61219978,.34804726,.30391121,.67554379,.56084204,.68858528,.61094332,.3431406,.29751444,.64839411,.55290079,.69476366,.62867928,.32340479,.2919178
2012,2,.66940594,.55887794,.73271465,.6284318,.34804726,.30511665,.67554379,.56084204,.73531294,.63000536,.3431406,.29751444,.64839411,.55290079,.72629166,.63161469,.32340479,.29191732
2012,3,.66940594,.55887794,.74091339,.62942791,.34804726,.30837536,.67554379,.56084204,.74828529,.63672972,.3431406,.29751444,.64839411,.55290079,.69517851,.59516001,.32340479,.2919178
2012,4,.66940594,.55887794,.64374304,.52957773,.34804726,.30847979,.67554379,.56084204,.61643839,.50116396,.3431406,.29751492,.64839411,.55290079,.62995052,.52948761,.32340479,.2919178
2012,5,.66940594,.55887794,.21724939,.16312027,.34804726,.29266453,.67554379,.56084204,.079582691,.021428585,.3431406,.29751444,.64839411,.55290079,.38008308,.33123636,.32340479,.29191828
2013,1,.66368294,.55790377,.66430998,.59331274,.33309412,.29011059,.66997385,.55218649,.65360498,.57206535,.35236931,.31245041,.64272881,.56167889,.6876092,.63244295,.2744875,.24368906
2013,2,.66368294,.55790377,.74770737,.64691496,.33309412,.29490566,.66997385,.55218649,.76655674,.65596199,.35236931,.31244993,.64272881,.56167889,.7183032,.63926792,.2744875,.24368858
2013,3,.66368294,.55790377,.7289238,.62153673,.33309412,.29703903,.66997385,.55218649,.73285294,.61569738,.35236931,.31244946,.64272881,.56167889,.68905258,.6055584,.2744875,.24368906
2013,4,.66368294,.55790377,.58942127,.47927523,.33309412,.2976203,.66997385,.55218649,.53804493,.4169836,.35236931,.31244898,.64272881,.56167889,.60688734,.5230217,.2744875,.24368906
2013,5,.66368294,.55790377,.57145166,.51617432,.33309412,.29887295,.66997385,.55218649,.57269812,.51162481,.35236931,.31244993,.64272881,.56167889,.51719379,.47641802,.2744875,.24368906
2014,1,.66982031,.5733285,.67898798,.61465979,.30384874,.26285839,.66817188,.5695467,.65227032,.58609056,.29504538,.25359249,.65837669,.57437038,.72179174,.66374445,.28450203,.25641727
2014,2,.66982031,.5733285,.74020815,.64989567,.30384874,.26424503,.66817188,.5695467,.74054575,.65078449,.29504538,.25359297,.65837669,.57437038,.73707676,.6539135,.28450203,.25641775
2014,3,.66982031,.5733285,.71978664,.62309694,.30384874,.26744938,.66817188,.5695467,.72715473,.63206816,.29504538,.25359201,.65837669,.57437038,.67533398,.58747959,.28450203,.2564168
2014,4,.66982031,.5733285,.62547016,.52542734,.30384874,.27032042,.66817188,.5695467,.60215282,.50389624,.29504538,.25359249,.65837669,.57437038,.59932566,.51107979,.28450203,.25641775
2014,5,.66982031,.5733285,.48642159,.43670702,.30384874,.26879883,.66817188,.5695467,.4681015,.41853285,.29504538,.25359249,.65837669,.57437038,.43356228,.39065599,.28450203,.25641727
2015,1,.66698599,.56530666,.6928196,.62403965,.3201828,.28105259,.67472172,.56988573,.6916132,.61990786,.31362343,.27476597,.64393854,.55605936,.70519018,.64441156,.29761744,.26847982
2015,2,.66698599,.56530666,.73129034,.63483,.3201828,.28222847,.67472172,.56988573,.74380064,.64654493,.31362343,.27476597,.64393854,.55605936,.71084547,.62376976,.29761744,.2684803
2015,3,.66698599,.56530666,.71442318,.61174297,.3201828,.28401804,.67472172,.56988573,.7189908,.61596584,.31362343,.27476549,.64393854,.55605936,.67572737,.58373928,.29761744,.26847982
2015,4,.66698599,.56530666,.63038111,.52425861,.3201828,.28674889,.67472172,.56988573,.61096191,.50450134,.31362343,.27476645,.64393854,.55605936,.60362673,.51122904,.29761744,.26847982
2015,5,.66698599,.56530666,.40213299,.34932518,.3201828,.28552294,.67472172,.56988573,.35987186,.30616426,.31362343,.27476645,.64393854,.55605936,.38176155,.33683634,.29761744,.26847982
2016,1,.66832113,.56597853,.66232347,.59339952,.3222723,.28164053,.67462063,.56934547,.67538404,.60332537,.31493807,.27611971,.64719057,.55826044,.65648651,.59557629,.3011775,.26906204
2016,2,.66832113,.56597853,.7297616,.63296318,.3222723,.28321934,.67462063,.56934547,.73472834,.63699341,.31493807,.27611971,.64719057,.55826044,.71997929,.63271523,.3011775,.26906252
2016,3,.66832113,.56597853,.74494886,.64184332,.3222723,.28519583,.67462063,.56934547,.73393393,.63040066,.31493807,.27611923,.64719057,.55826044,.72429371,.6321063,.3011775,.26906204
2016,4,.66832113,.56597853,.65275335,.546875,.3222723,.28608799,.67462063,.56934547,.62036991,.51338482,.31493807,.27612019,.64719057,.55826044,.6462369,.55363894,.3011775,.26906252
2016,5,.66832113,.56597853,.39694691,.34189034,.3222723,.29768133,.67462063,.56934547,.45913029,.40515852,.31493807,.27611971,.64719057,.55826044,.20727253,.16225052,.3011775,.26906204
2017,1,.67037439,.56614304,.69726753,.6258173,.32821798,.29196358,.67215633,.56721878,.70685148,.63471365,.31392765,.27642488,.65459585,.56112909,.69842339,.63354015,.31654024,.28661346
2017,2,.67037439,.56614304,.72016525,.62122345,.32821798,.28948975,.67215633,.56721878,.71072531,.61288214,.31392765,.27642488,.65459585,.56112909,.73097324,.6380167,.31654024,.28661394
2017,3,.67037439,.56614304,.71337605,.60775232,.32821798,.29216051,.67215633,.56721878,.70514584,.60149813,.31392765,.27642536,.65459585,.56112909,.69033813,.59213686,.31654024,.28661299
2017,4,.67037439,.56614304,.66994572,.56055021,.32821798,.29559326,.67215633,.56721878,.66647625,.55937386,.31392765,.27642393,.65459585,.56112909,.62257481,.52393723,.31654024,.28661346
2017,5,.67037439,.56614304,.42011023,.36811209,.32821798,.28114414,.67215633,.56721878,.26088333,.20685101,.31392765,.27642488,.65459585,.56112909,.58596134,.53800249,.31654024,.28661299
