year,expcat,eu_shclg,eu_shclg_m,eu_shclg_f,eu_lnclg,eu_lnclg_m,eu_lnclg_f,hr_clg,hr_clg_m,hr_clg_f,hr_hsg,hr_hsg_m,hr_hsg_f,hr_clg_exp,hr_clg_exp_m,hr_clg_exp_f,hr_hsg_exp,hr_hsg_exp_m,hr_hsg_exp_f,euexp_shclg,euexp_shclg_m,euexp_shclg_f,euexp_lnclg,euexp_lnclg_m,euexp_lnclg_f
1963,1,.28106031,.2915853,.24113052,-.93920821,-.8876971,-1.1464914,22787299328,16957334528,5829963776,100683587584,70580822016,30102769664,7246001152,5238936576,2007064064,20303278080,12699352064,7603926016,.372062,.40525836,.28321302,-.52338094,-.38360232,-.92857939
1963,2,.28106031,.2915853,.24113052,-.93920821,-.8876971,-1.1464914,22787299328,16957334528,5829963776,100683587584,70580822016,30102769664,6306428928,5265081856,1041346880,20692928512,15496683520,5196245504,.36660898,.38728818,.25685045,-.54679215,-.45872563,-1.0624033
1963,3,.28106031,.2915853,.24113052,-.93920821,-.8876971,-1.1464914,22787299328,16957334528,5829963776,100683587584,70580822016,30102769664,5229615104,3737910272,1491704576,26277361664,18583877632,7693485056,.26493391,.26759663,.25482288,-1.02048,-1.0068507,-1.0730532
1963,4,.28106031,.2915853,.24113052,-.93920821,-.8876971,-1.1464914,22787299328,16957334528,5829963776,100683587584,70580822016,30102769664,3401708800,2261941760,1139767168,22043738112,15491133440,6552605696,.21632591,.21193327,.23200575,-1.2872071,-1.3133113,-1.1970202
1963,5,.28106031,.2915853,.24113052,-.93920821,-.8876971,-1.1464914,22787299328,16957334528,5829963776,100683587584,70580822016,30102769664,603544960,453463936,150081040,11366280192,8309771776,3056508160,.08436919,.087115213,.073049411,-2.3844109,-2.3493781,-2.5407641
1964,1,.29046446,.30092964,.25132605,-.89312935,-.84287494,-1.0915525,24155783168,17875322880,6280460288,102548496384,71651958784,30896537600,7734879744,5592409088,2142470656,21429016576,13600353280,7828662784,.37365744,.40494472,.2877402,-.51655799,-.38490376,-.90638477
1964,2,.29046446,.30092964,.25132605,-.89312935,-.84287494,-1.0915525,24155783168,17875322880,6280460288,102548496384,71651958784,30896537600,6830988288,5590510592,1240477824,20807745536,15303255040,5504488960,.38569438,.40645236,.28314278,-.46544725,-.37865075,-.9289254
1964,3,.29046446,.30092964,.25132605,-.89312935,-.84287494,-1.0915525,24155783168,17875322880,6280460288,102548496384,71651958784,30896537600,5356936192,3880062464,1476873856,26113542144,18367381504,7746160640,.27199125,.27722299,.25206885,-.98454314,-.95827854,-1.0876087
1964,4,.29046446,.30092964,.25132605,-.89312935,-.84287494,-1.0915525,24155783168,17875322880,6280460288,102548496384,71651958784,30896537600,3593265408,2371664640,1221600768,22232412160,15603180544,6629231104,.22627696,.22047369,.24664299,-1.2294543,-1.2629081,-1.1165973
1964,5,.29046446,.30092964,.25132605,-.89312935,-.84287494,-1.0915525,24155783168,17875322880,6280460288,102548496384,71651958784,30896537600,639714368,440677056,199037280,11965779968,8777787392,3187993088,.084176034,.081722796,.094157308,-2.386914,-2.4191663,-2.2638988
1965,1,.29101321,.30462077,.24144329,-.89046824,-.82538974,-1.1447829,26424866816,19616342016,6808525312,110268923904,76021800960,34247118848,9006173184,6329261568,2676911104,24236361728,15373014016,8863348736,.37156007,.39564419,.30794665,-.52552992,-.42364782,-.80973649
1965,2,.29101321,.30462077,.24144329,-.89046824,-.82538974,-1.1447829,26424866816,19616342016,6808525312,110268923904,76021800960,34247118848,7358906880,6084413952,1274492928,21671933952,15843452928,5828480512,.39247665,.4157244,.27726027,-.43691358,-.34035027,-.95809251
1965,3,.29101321,.30462077,.24144329,-.89046824,-.82538974,-1.1447829,26424866816,19616342016,6808525312,110268923904,76021800960,34247118848,5605934592,4138680576,1467254016,27394576384,18850170880,8544405504,.27332884,.28546664,.22877721,-.97779846,-.91750449,-1.2152287
1965,4,.29101321,.30462077,.24144329,-.89046824,-.82538974,-1.1447829,26424866816,19616342016,6808525312,110268923904,76021800960,34247118848,3750022912,2596695040,1153327744,24102213632,16709730304,7392482816,.22029948,.22221725,.2135015,-1.263922,-1.2527918,-1.303947
1965,5,.29101321,.30462077,.24144329,-.89046824,-.82538974,-1.1447829,26424866816,19616342016,6808525312,110268923904,76021800960,34247118848,703830528,467290752,236539776,12863834112,9245431808,3618401536,.083680838,.080443949,.095926233,-2.3933547,-2.4363303,-2.2433314
1966,1,.29729998,.31089079,.24998774,-.86018842,-.79595804,-1.0986778,27915689984,20369152000,7546536448,111862652928,75997831168,35864817664,9738532864,6704116736,3034416384,25159135232,15518337024,9640797184,.37909332,.4061448,.31217524,-.4933984,-.37992579,-.78996938
1966,2,.29729998,.31089079,.24998774,-.86018842,-.79595804,-1.0986778,27915689984,20369152000,7546536448,111862652928,75997831168,35864817664,7483071488,6084303360,1398768256,21951481856,15826334720,6125147648,.39139035,.41418949,.28502938,-.44147167,-.3466728,-.91964918
1966,3,.29729998,.31089079,.24998774,-.86018842,-.79595804,-1.0986778,27915689984,20369152000,7546536448,111862652928,75997831168,35864817664,5952956416,4426360320,1526596096,27628736512,18943504384,8685231104,.28348514,.29748303,.23210372,-.92723924,-.85931242,-1.1964704
1966,4,.29729998,.31089079,.24998774,-.86018842,-.79595804,-1.0986778,27915689984,20369152000,7546536448,111862652928,75997831168,35864817664,4068113152,2727945216,1340167808,24283312128,16654973952,7628337664,.23075175,.23011304,.2329074,-1.2040713,-1.207673,-1.1919665
1966,5,.29729998,.31089079,.24998774,-.86018842,-.79595804,-1.0986778,27915689984,20369152000,7546536448,111862652928,75997831168,35864817664,673015232,426427136,246588080,12839985152,9054680064,3785304576,.078969069,.074039377,.096491337,-2.4564373,-2.5262346,-2.2368324
1967,1,.30669865,.32013002,.26128548,-.81559908,-.75317436,-1.0392979,29966653440,21582725120,8383928320,114363580416,76995330048,37368246272,10831855616,7276011520,3555844352,26298865664,16055955456,10242911232,.39165792,.41581586,.33411875,-.44034857,-.33997372,-.68961489
1967,2,.30669865,.32013002,.26128548,-.81559908,-.75317436,-1.0392979,29966653440,21582725120,8383928320,114363580416,76995330048,37368246272,7672053760,6196320768,1475733248,22524055552,16197097472,6326958592,.39210254,.41405317,.29150757,-.43848282,-.34723464,-.88807338
1967,3,.30669865,.32013002,.26128548,-.81559908,-.75317436,-1.0392979,29966653440,21582725120,8383928320,114363580416,76995330048,37368246272,6424595968,4752441856,1672154368,27627419648,18649638912,8977780736,.30111495,.31723961,.24382733,-.84199423,-.76648659,-1.1318095
1967,4,.30669865,.32013002,.26128548,-.81559908,-.75317436,-1.0392979,29966653440,21582725120,8383928320,114363580416,76995330048,37368246272,4302482944,2855435520,1447047552,24621463552,16655078400,7966384640,.23650832,.23623143,.23740749,-1.1719189,-1.1734529,-1.1669458
1967,5,.30669865,.32013002,.26128548,-.81559908,-.75317436,-1.0392979,29966653440,21582725120,8383928320,114363580416,76995330048,37368246272,735664000,502515040,233148960,13291772928,9437563904,3854209024,.085005745,.083506048,.090512089,-2.376199,-2.3956363,-2.3073983
1968,1,.30875516,.32333577,.26041499,-.80594552,-.73848391,-1.0438128,30911897600,22232567808,8679327744,115827884032,77328834560,38499049472,11477804032,7613377024,3864426752,27011182592,16290118656,10721064960,.39862987,.42181706,.34558499,-.41117725,-.31531858,-.63850313
1968,2,.30875516,.32333577,.26041499,-.80594552,-.73848391,-1.0438128,30911897600,22232567808,8679327744,115827884032,77328834560,38499049472,7804852224,6252640256,1552211712,22572453888,16069163008,6503291392,.39255092,.41490886,.29400787,-.43660212,-.34370875,-.87599754
1968,3,.30875516,.32333577,.26041499,-.80594552,-.73848391,-1.0438128,30911897600,22232567808,8679327744,115827884032,77328834560,38499049472,6559824896,4890909696,1668915456,27614461952,18606473216,9007987712,.30506966,.32282647,.24156868,-.82327151,-.7408126,-1.1440984
1968,4,.30875516,.32333577,.26041499,-.80594552,-.73848391,-1.0438128,30911897600,22232567808,8679327744,115827884032,77328834560,38499049472,4232628736,2879688704,1352940032,25341841408,17035613184,8306227200,.22857143,.23218399,.21683888,-1.2163953,-1.19602,-1.2841839
1968,5,.30875516,.32333577,.26041499,-.80594552,-.73848391,-1.0438128,30911897600,22232567808,8679327744,115827884032,77328834560,38499049472,836786880,595952896,240833984,13287943168,9327466496,3960476672,.097227007,.099669255,.08843597,-2.2284226,-2.2009048,-2.3328831
1969,1,.31765899,.33251667,.26922891,-.7645511,-.69682443,-.99853832,32522395648,23259439104,9262954496,116409188352,77225271296,39183921152,12157617152,8101396480,4056220672,28091568128,16767255552,11324311552,.40394449,.43161532,.34084222,-.38905632,-.2752637,-.65954328
1969,2,.31765899,.33251667,.26922891,-.7645511,-.69682443,-.99853832,32522395648,23259439104,9262954496,116409188352,77225271296,39183921152,7892411904,6332003840,1560408320,22925486080,16199660544,6725826048,.38957274,.41320536,.2870909,-.44910854,-.35073021,-.90955502
1969,3,.31765899,.33251667,.26922891,-.7645511,-.69682443,-.99853832,32522395648,23259439104,9262954496,116409188352,77225271296,39183921152,7016950784,5237424640,1779526016,27095267328,18282448896,8812817408,.32245934,.34009328,.25871202,-.7424925,-.66287851,-1.0526736
1969,4,.31765899,.33251667,.26922891,-.7645511,-.69682443,-.99853832,32522395648,23259439104,9262954496,116409188352,77225271296,39183921152,4591814656,3047532800,1544282112,25083549696,16751768576,8331781632,.24287122,.24436359,.23818672,-1.137002,-1.128903,-1.1626467
1969,5,.31765899,.33251667,.26922891,-.7645511,-.69682443,-.99853832,32522395648,23259439104,9262954496,116409188352,77225271296,39183921152,863600256,541082496,322517760,13213318144,9224133632,3989183488,.096375868,.091140687,.11413963,-2.2381577,-2.2997861,-2.0491369
1970,1,.33133915,.34503499,.2874144,-.70213449,-.64093602,-.90797496,34518032384,24357804032,10160227328,114614501376,75901902848,38712598528,13486610432,8775320576,4711290368,27781445632,16847009792,10934435840,.42649254,.44446903,.38594973,-.29617605,-.22304396,-.46436965
1970,2,.33133915,.34503499,.2874144,-.70213449,-.64093602,-.90797496,34518032384,24357804032,10160227328,114614501376,75901902848,38712598528,8071241728,6368001024,1703240320,22790387712,16092990464,6697398272,.3949928,.41672388,.30280304,-.42637283,-.33623686,-.83398539
1970,3,.33133915,.34503499,.2874144,-.70213449,-.64093602,-.90797496,34518032384,24357804032,10160227328,114614501376,75901902848,38712598528,7386055680,5509794816,1876261120,25986662400,17315618816,8671042560,.34380788,.36493829,.26865017,-.64637059,-.55399388,-1.0014819
1970,4,.33133915,.34503499,.2874144,-.70213449,-.64093602,-.90797496,34518032384,24357804032,10160227328,114614501376,75901902848,38712598528,4626667008,3134617344,1492049408,25110366208,16739786752,8370579456,.24441671,.24887073,.23028615,-1.1286154,-1.1046442,-1.2066962
1970,5,.33133915,.34503499,.2874144,-.70213449,-.64093602,-.90797496,34518032384,24357804032,10160227328,114614501376,75901902848,38712598528,947456896,570070400,377386528,12945643520,8906499072,4039143936,.10662975,.098525986,.13265784,-2.1256385,-2.2137108,-1.8776604
1971,1,.33806205,.35325006,.2895661,-.67194235,-.60478354,-.89749229,36061937664,25613973504,10447963136,115758505984,76370542592,39387971584,14735171584,9728304128,5006867456,28925874176,17583880192,11341995008,.44189307,.46277118,.39392295,-.23348264,-.14919141,-.43085176
1971,2,.33806205,.35325006,.2895661,-.67194235,-.60478354,-.89749229,36061937664,25613973504,10447963136,115758505984,76370542592,39387971584,8357047808,6598270976,1758776576,22952708096,16171433984,6781274624,.40089726,.42351401,.30539712,-.40172789,-.30836445,-.82172734
1971,3,.33806205,.35325006,.2895661,-.67194235,-.60478354,-.89749229,36061937664,25613973504,10447963136,115758505984,76370542592,39387971584,7261945344,5374155264,1887789824,25735774208,17096202240,8639571968,.34228426,.36224577,.27265251,-.65313125,-.56563008,-.98120624
1971,4,.33806205,.35325006,.2895661,-.67194235,-.60478354,-.89749229,36061937664,25613973504,10447963136,115758505984,76370542592,39387971584,4784712192,3303644672,1481067392,25048330240,16517893120,8530437632,.25115806,.25918403,.22583827,-1.0924455,-1.0502139,-1.2319616
1971,5,.33806205,.35325006,.2895661,-.67194235,-.60478354,-.89749229,36061937664,25613973504,10447963136,115758505984,76370542592,39387971584,923061376,609599168,313462208,13095821312,9001129984,4094691072,.10383411,.10220417,.10920992,-2.1553309,-2.1729701,-2.0988369
1972,1,.34965008,.3644439,.30273658,-.62057763,-.55612773,-.83430022,38851592192,27425290240,11426300928,118046367744,77773422592,40272941056,16237285376,10594822144,5642463744,31052974080,19014414336,12038558720,.44893497,.46565211,.41085571,-.20497477,-.1376083,-.36042905
1972,2,.34965008,.3644439,.30273658,-.62057763,-.55612773,-.83430022,38851592192,27425290240,11426300928,118046367744,77773422592,40272941056,9017970688,7034861056,1983109504,23660064768,16526129152,7133934592,.41082162,.43293983,.3203536,-.36056989,-.26986668,-.75214732
1972,3,.34965008,.3644439,.30273658,-.62057763,-.55612773,-.83430022,38851592192,27425290240,11426300928,118046367744,77773422592,40272941056,7558117376,5685961216,1872156416,25399361536,16744518656,8654842880,.3539629,.37806544,.26863295,-.60166484,-.4977676,-1.0015695
1972,4,.34965008,.3644439,.30273658,-.62057763,-.55612773,-.83430022,38851592192,27425290240,11426300928,118046367744,77773422592,40272941056,5090968064,3483154688,1607813504,25003737088,16632017920,8371718144,.26075244,.2664676,.24246374,-1.0420614,-1.0126191,-1.1392193
1972,5,.34965008,.3644439,.30273658,-.62057763,-.55612773,-.83430022,38851592192,27425290240,11426300928,118046367744,77773422592,40272941056,947249472,626491904,320757568,12930229248,8856342528,4073885952,.10873225,.10841931,.10974974,-2.1037564,-2.1069896,-2.0932999
1973,1,.36092621,.37573251,.31499124,-.5713464,-.50770146,-.77688682,41715236864,29167984640,12547254272,120097374208,78611857408,41485516800,18282328064,11812536320,6469792256,33287151616,20383260672,12903890944,.46331805,.47890082,.42818028,-.14699189,-.08444687,-.28927946
1973,2,.36092621,.37573251,.31499124,-.5713464,-.50770146,-.77688682,41715236864,29167984640,12547254272,120097374208,78611857408,41485516800,9516685312,7332601856,2184083456,23928659968,16465718272,7462942720,.41917521,.44147432,.33201051,-.32616016,-.23518075,-.6991058
1973,3,.36092621,.37573251,.31499124,-.5713464,-.50770146,-.77688682,41715236864,29167984640,12547254272,120097374208,78611857408,41485516800,8064978944,6041199616,2023779456,24697323520,16342343680,8354979840,.37590554,.39995378,.28984299,-.50696385,-.40565768,-.89614671
1973,4,.36092621,.37573251,.31499124,-.5713464,-.50770146,-.77688682,41715236864,29167984640,12547254272,120097374208,78611857408,41485516800,4996049920,3416305664,1579744512,25285070848,16581805056,8703265792,.25440717,.26225609,.23004636,-1.0752436,-1.0342753,-1.2080494
1973,5,.36092621,.37573251,.31499124,-.5713464,-.50770146,-.77688682,41715236864,29167984640,12547254272,120097374208,78611857408,41485516800,855194368,565340224,289854176,12899167232,8838727680,4060439552,.0971867,.096329674,.099979781,-2.2288818,-2.2386882,-2.1974492
1974,1,.37525266,.39123893,.32784122,-.50974774,-.44210741,-.71796519,44355252224,30670200832,13685053440,119099047936,76533653504,42565398528,20084908032,12914203648,7170704896,33988626432,20364537856,13624089600,.4829725,.50170898,.44216785,-.068136334,.006835964,-.23236856
1974,2,.37525266,.39123893,.32784122,-.50974774,-.44210741,-.71796519,44355252224,30670200832,13685053440,119099047936,76533653504,42565398528,10103690240,7691183104,2412506880,23750608896,15914361856,7836247040,.43288827,.45844391,.33874926,-.27007669,-.16660869,-.66887289
1974,3,.37525266,.39123893,.32784122,-.50974774,-.44210741,-.71796519,44355252224,30670200832,13685053440,119099047936,76533653504,42565398528,8197665792,6029935104,2167730944,24031488000,15698879488,8332608512,.38464561,.40836516,.30325267,-.46987593,-.37072784,-.83185649
1974,4,.37525266,.39123893,.32784122,-.50974774,-.44210741,-.71796519,44355252224,30670200832,13685053440,119099047936,76533653504,42565398528,5131251712,3470478080,1660773632,24679139328,15974008832,8705130496,.26305237,.27129385,.23847936,-1.0301636,-.98806804,-1.1610345
1974,5,.37525266,.39123893,.32784122,-.50974774,-.44210741,-.71796519,44355252224,30670200832,13685053440,119099047936,76533653504,42565398528,837737472,564400448,273337024,12649184256,8581863424,4067320832,.096072316,.096631519,.094268009,-2.2416482,-2.2352254,-2.2626016
1975,1,.39539346,.41174749,.34752977,-.42469653,-.35674605,-.62991518,46745600000,32126203904,14619394048,115303727104,73553707008,41750016000,21043630080,13416238080,7627392512,32383637504,19068440576,13315196928,.50977767,.53088146,.4650901,.039115649,.12368329,-.13986719
1975,2,.39539346,.41174749,.34752977,-.42469653,-.35674605,-.62991518,46745600000,32126203904,14619394048,115303727104,73553707008,41750016000,10786486272,7966263296,2820223232,23880415232,15896607744,7983807488,.4438338,.46521902,.36924684,-.22561701,-.13934897,-.53544921
1975,3,.39539346,.41174749,.34752977,-.42469653,-.35674605,-.62991518,46745600000,32126203904,14619394048,115303727104,73553707008,41750016000,8487388160,6283153920,2204234240,23203885056,15090405376,8113479168,.40103877,.4266713,.3121517,-.40113878,-.29544529,-.79007906
1975,4,.39539346,.41174749,.34752977,-.42469653,-.35674605,-.62991518,46745600000,32126203904,14619394048,115303727104,73553707008,41750016000,5521012736,3829624576,1691388032,24393332736,15858457600,8534875648,.28190255,.29404327,.24447858,-.93504381,-.87582701,-1.1282804
1975,5,.39539346,.41174749,.34752977,-.42469653,-.35674605,-.62991518,46745600000,32126203904,14619394048,115303727104,73553707008,41750016000,907080320,630924096,276156224,11442452480,7639794688,3802657792,.11292934,.11565989,.10440323,-2.0611625,-2.0341878,-2.1492298
1976,1,.40331593,.42065459,.35299686,-.39166757,-.32008681,-.605892,49161277440,33753075712,15408201728,117900042240,74920435712,42979606528,22167879680,13997619200,8170260992,34303125504,20455745536,13847379968,.50924152,.52596921,.47385561,.036970295,.10397039,-.10467301
1976,2,.40331593,.42065459,.35299686,-.39166757,-.32008681,-.605892,49161277440,33753075712,15408201728,117900042240,74920435712,42979606528,11816594432,8909033472,2907560192,24701995008,16225239040,8476755968,.45937213,.48655373,.36309478,-.16287056,-.053798057,-.56195694
1976,3,.40331593,.42065459,.35299686,-.39166757,-.32008681,-.605892,49161277440,33753075712,15408201728,117900042240,74920435712,42979606528,8552802304,6169059328,2383742976,23215646720,14782745600,8432900096,.40084928,.42561916,.32071689,-.40192768,-.29974774,-.75047922
1976,4,.40331593,.42065459,.35299686,-.39166757,-.32008681,-.605892,49161277440,33753075712,15408201728,117900042240,74920435712,42979606528,5708787712,4031465984,1677321600,24327344128,15869545472,8457798656,.29224953,.30735263,.24450828,-.88448358,-.81252527,-1.1281196
1976,5,.40331593,.42065459,.35299686,-.39166757,-.32008681,-.605892,49161277440,33753075712,15408201728,117900042240,74920435712,42979606528,915213632,645898304,269315328,11351928832,7587158528,3764770816,.11439979,.11953221,.098159149,-2.0465665,-1.9968674,-2.2178478
1977,1,.40912658,.42842162,.35424268,-.36757722,-.28829384,-.60044152,51819212800,35386736640,16432474112,121668878336,76480593920,45188284416,23028205568,14389163008,8639043584,36017831936,21459189760,14558642176,.50660795,.52272242,.47283462,.026433337,.090952337,-.10876864
1977,2,.40912658,.42842162,.35424268,-.36757722,-.28829384,-.60044152,51819212800,35386736640,16432474112,121668878336,76480593920,45188284416,12866369536,9384280064,3482090240,26119020544,16968290304,9150731264,.46271414,.4864175,.38436201,-.14942084,-.054343361,-.47107425
1977,3,.40912658,.42842162,.35424268,-.36757722,-.28829384,-.60044152,51819212800,35386736640,16432474112,121668878336,76480593920,45188284416,9108483072,6672838656,2435644160,23550490624,14794455040,8756034560,.41373187,.44352153,.31670779,-.34855911,-.22688214,-.76894307
1977,4,.40912658,.42842162,.35424268,-.36757722,-.28829384,-.60044152,51819212800,35386736640,16432474112,121668878336,76480593920,45188284416,5892895744,4296357888,1596537728,24333457408,15594677248,8738779136,.3002938,.32337797,.2272546,-.84589916,-.73829103,-1.2238786
1977,5,.40912658,.42842162,.35424268,-.36757722,-.28829384,-.60044152,51819212800,35386736640,16432474112,121668878336,76480593920,45188284416,923256768,644097728,279159040,11648081920,7663984640,3984097792,.11260469,.1186562,.094342127,-2.0644071,-2.0052176,-2.2617338
1978,1,.41983834,.4384273,.36901343,-.32343706,-.24754724,-.53645152,55799463936,37512450048,18287015936,125314523136,77851172864,47463350272,24588527616,15206716416,9381811200,38351212544,22681835520,15669379072,.50760305,.52237451,.47728938,.030414542,.089557856,-.090905033
1978,2,.41983834,.4384273,.36901343,-.32343706,-.24754724,-.53645152,55799463936,37512450048,18287015936,125314523136,77851172864,47463350272,14072663040,10060254208,4012409344,27355607040,17376430080,9979177984,.47110373,.49520835,.39658976,-.11571403,-.019167176,-.41969493
1978,3,.41983834,.4384273,.36901343,-.32343706,-.24754724,-.53645152,55799463936,37512450048,18287015936,125314523136,77851172864,47463350272,9675637760,6996392448,2679245056,23800713216,14753301504,9047411712,.42627415,.45651788,.33136085,-.29706898,-.17436896,-.70203656
1978,4,.41983834,.4384273,.36901343,-.32343706,-.24754724,-.53645152,55799463936,37512450048,18287015936,125314523136,77851172864,47463350272,6509735936,4594299904,1915436032,24145287168,15361258496,8784029696,.31906393,.3393662,.2572723,-.75807691,-.66611993,-1.0601944
1978,5,.41983834,.4384273,.36901343,-.32343706,-.24754724,-.53645152,55799463936,37512450048,18287015936,125314523136,77851172864,47463350272,952900032,654785792,298114240,11661699072,7678347264,3983352064,.11481729,.11959975,.10052882,-2.0424521,-1.9962258,-2.1913626
1979,1,.42734024,.44547245,.3796486,-.29271126,-.21898109,-.49104002,58278047744,38509801472,19768246272,127368159232,78345035776,49023123456,25165957120,15251526656,9914430464,39574351872,23642050560,15932300288,.50544715,.51418591,.48785648,.02178946,.056758855,-.048583645
1979,2,.42734024,.44547245,.3796486,-.29271126,-.21898109,-.49104002,58278047744,38509801472,19768246272,127368159232,78345035776,49023123456,15546840064,10864079872,4682760704,27916091392,17219938304,10696153088,.49074328,.51657492,.41623569,-.037031114,.066323981,-.33824569
1979,3,.42734024,.44547245,.3796486,-.29271126,-.21898109,-.49104002,58278047744,38509801472,19768246272,127368159232,78345035776,49023123456,9853501440,6945759232,2907742464,24475088896,14879900672,9595189248,.42292988,.45374569,.3319886,-.31075737,-.18554774,-.69920462
1979,4,.42734024,.44547245,.3796486,-.29271126,-.21898109,-.49104002,58278047744,38509801472,19768246272,127368159232,78345035776,49023123456,6673871872,4710528000,1963344128,24006809600,15076890624,8929918976,.32733697,.35018244,.25949451,-.72025436,-.61823738,-1.0485975
1979,5,.42734024,.44547245,.3796486,-.29271126,-.21898109,-.49104002,58278047744,38509801472,19768246272,127368159232,78345035776,49023123456,1037877440,737907968,299969504,11395819520,7526256128,3869563904,.12621203,.13392262,.10259301,-1.9348744,-1.8667121,-2.1687396
1980,1,.43545872,.45496866,.38581893,-.25961351,-.18061475,-.46492162,60550037504,39536496640,21013538816,128410501120,77835575296,50574921728,25277556736,14852610048,10424945664,40386199552,23874654208,16511546368,.49871218,.50280643,.49089774,-.005151283,.011225819,-.036413044
1980,2,.43545872,.45496866,.38581893,-.25961351,-.18061475,-.46492162,60550037504,39536496640,21013538816,128410501120,77835575296,50574921728,17146561536,12042330112,5104230912,28916830208,17718290432,11198538752,.50617111,.53493106,.42244589,.024685683,.13995224,-.31274074
1980,3,.43545872,.45496866,.38581893,-.25961351,-.18061475,-.46492162,60550037504,39536496640,21013538816,128410501120,77835575296,50574921728,9992233984,6856379392,3135854336,24291710976,14637388800,9654322176,.42522854,.4531278,.34682652,-.30134577,-.18804093,-.63301802
1980,4,.43545872,.45496866,.38581893,-.25961351,-.18061475,-.46492162,60550037504,39536496640,21013538816,128410501120,77835575296,50574921728,7047080448,5062514176,1984566144,23507329024,14359576576,9147751424,.34687567,.37800214,.25653815,-.63280112,-.4980368,-1.0640401
1980,5,.43545872,.45496866,.38581893,-.25961351,-.18061475,-.46492162,60550037504,39536496640,21013538816,128410501120,77835575296,50574921728,1086606592,722664384,363942176,11308431360,7245667840,4062763776,.13102295,.13662769,.11556473,-1.8919443,-1.8435863,-2.0351186
1981,1,.44628051,.4664073,.3957918,-.21571052,-.13457353,-.42303053,62478856192,40606228480,21872627712,127353659392,76531236864,50822422528,25442070528,14761315328,10680754176,39107420160,22889064448,16218356736,.50937313,.51237214,.50381613,.037496906,.049498647,.015264807
1981,2,.44628051,.4664073,.3957918,-.21571052,-.13457353,-.42303053,62478856192,40606228480,21872627712,127353659392,76531236864,50822422528,18370562048,12715268096,5655294976,29750106112,18072805376,11677301760,.51605093,.54333395,.43935007,.064225808,.17377175,-.24380018
1981,3,.44628051,.4664073,.3957918,-.21571052,-.13457353,-.42303053,62478856192,40606228480,21872627712,127353659392,76531236864,50822422528,10348640256,7205507584,3143132160,24996864000,14874938368,10121924608,.4280684,.46102837,.33505669,-.28973642,-.15620336,-.68540204
1981,4,.44628051,.4664073,.3957918,-.21571052,-.13457353,-.42303053,62478856192,40606228480,21872627712,127353659392,76531236864,50822422528,7255822336,5200996352,2054826368,22312271872,13576295424,8735977472,.36643633,.39847615,.2729063,-.54753572,-.41181853,-.97992682
1981,5,.44628051,.4664073,.3957918,-.21571052,-.13457353,-.42303053,62478856192,40606228480,21872627712,127353659392,76531236864,50822422528,1061761792,723142400,338619424,11186992128,7118130688,4068861184,.12853868,.13623032,.10741848,-1.9139416,-1.8469592,-2.1173856
1982,1,.46957517,.48971772,.42091081,-.12184987,-.041134913,-.31903556,65664901120,41976745984,23688153088,121685630976,71980449792,49705181184,26432864256,15062088704,11370776576,36821700608,21192677376,15629023232,.53264505,.53525215,.52802455,.13076621,.14124297,.11221582
1982,2,.46957517,.48971772,.42091081,-.12184987,-.041134913,-.31903556,65664901120,41976745984,23688153088,121685630976,71980449792,49705181184,19918030848,13539363840,6378666496,28834416640,17193861120,11640554496,.54373103,.57120579,.46956575,.17537223,.28677246,-.12188768
1982,3,.46957517,.48971772,.42091081,-.12184987,-.041134913,-.31903556,65664901120,41976745984,23688153088,121685630976,71980449792,49705181184,10760549376,7416647168,3343901696,24293683200,14231775232,10061907968,.44392669,.47764754,.3513025,-.22524069,-.089469463,-.6133188
1982,4,.46957517,.48971772,.42091081,-.12184987,-.041134913,-.31903556,65664901120,41976745984,23688153088,121685630976,71980449792,49705181184,7444910080,5220010496,2224899584,20963194880,12633444352,8329750016,.38775343,.41869569,.30050746,-.45676547,-.32813001,-.84488255
1982,5,.46957517,.48971772,.42091081,-.12184987,-.041134913,-.31903556,65664901120,41976745984,23688153088,121685630976,71980449792,49705181184,1108544640,738635648,369908928,10772634624,6728692224,4043942912,.13975842,.14790282,.11851072,-1.8172978,-1.7511451,-2.0066094
1983,1,.47509375,.49314567,.43245673,-.099707514,-.027419019,-.2718347,68304773120,43020976128,25283796992,124070027264,73132146688,50937880576,26106585088,14493103104,11613480960,36807917568,21181296640,15626619904,.52793002,.5241822,.5343529,.11183651,.096804328,.13762842
1983,2,.47509375,.49314567,.43245673,-.099707514,-.027419019,-.2718347,68304773120,43020976128,25283796992,124070027264,73132146688,50937880576,22047410176,14771322880,7276087808,30575468544,18391799808,12183668736,.55496502,.57826859,.49264613,.22075219,.3156698,-.02941761
1983,3,.47509375,.49314567,.43245673,-.099707514,-.027419019,-.2718347,68304773120,43020976128,25283796992,124070027264,73132146688,50937880576,11516433408,7702426624,3814007296,24891496448,14468545536,10422950912,.44922316,.47940555,.37053385,-.20380993,-.082424425,-.52992725
1983,4,.47509375,.49314567,.43245673,-.099707514,-.027419019,-.2718347,68304773120,43020976128,25283796992,124070027264,73132146688,50937880576,7529448960,5318285824,2211163136,21231384576,12615465984,8615918592,.38887745,.42319649,.29337692,-.45203325,-.30966505,-.87903917
1983,5,.47509375,.49314567,.43245673,-.099707514,-.027419019,-.2718347,68304773120,43020976128,25283796992,124070027264,73132146688,50937880576,1104893952,735835904,369058048,10563762176,6475037696,4088724224,.14424044,.15399767,.11970166,-1.7805078,-1.7035846,-1.9952583
1984,1,.47687379,.49270046,.43983898,-.092570908,-.029200245,-.2418156,72367816704,45165932544,27201882112,129715298304,76720898048,52994396160,27245430784,15102110720,12143321088,38608392192,22486218752,16122175488,.52292907,.51597285,.53495437,.091780663,.063913159,.14004593
1984,2,.47687379,.49270046,.43983898,-.092570908,-.029200245,-.2418156,72367816704,45165932544,27201882112,129715298304,76720898048,52994396160,23631355904,15576714240,8054642176,33405233152,20141998080,13263235072,.54906869,.56908172,.49700361,.19690853,.27810559,-.011985684
1984,3,.47687379,.49270046,.43983898,-.092570908,-.029200245,-.2418156,72367816704,45165932544,27201882112,129715298304,76720898048,52994396160,12415285248,8158040064,4257244672,25565872128,14772073472,10793799680,.45951897,.48793107,.3873409,-.16227932,-.048285089,-.45850345
1984,4,.47687379,.49270046,.43983898,-.092570908,-.029200245,-.2418156,72367816704,45165932544,27201882112,129715298304,76720898048,52994396160,7920323584,5522417152,2397906432,21531320320,12814485504,8716833792,.39450502,.42673239,.30520034,-.4284144,-.29519555,-.82265514
1984,5,.47687379,.49270046,.43983898,-.092570908,-.029200245,-.2418156,72367816704,45165932544,27201882112,129715298304,76720898048,52994396160,1155418624,806650688,348767968,10604479488,6506125312,4098354432,.14944021,.16509503,.10906142,-1.7389983,-1.6207967,-2.1003642
1985,1,.47960258,.49300894,.44862872,-.081635006,-.027966056,-.20621276,75418320896,46639259648,28779063296,132283318272,78260584448,54022737920,28506898432,15807881216,12699017216,38845161472,22618583040,16226577408,.53234398,.52517825,.54475445,.12955685,.10079827,.17949818
1985,2,.47960258,.49300894,.44862872,-.081635006,-.027966056,-.20621276,75418320896,46639259648,28779063296,132283318272,78260584448,54022737920,24349372416,15746498560,8602873856,34826698752,21045186560,13781511168,.54242063,.55814999,.50276786,.17009139,.23365726,.011071556
1985,3,.47960258,.49300894,.44862872,-.081635006,-.027966056,-.20621276,75418320896,46639259648,28779063296,132283318272,78260584448,54022737920,13378719744,8842968064,4535751168,26617430016,15283011584,11334419456,.46764386,.4975177,.39154267,-.1296057,-.0099292621,-.44083229
1985,4,.47960258,.49300894,.44862872,-.081635006,-.027966056,-.20621276,75418320896,46639259648,28779063296,132283318272,78260584448,54022737920,7939988480,5429769216,2510219008,21411618816,12719913984,8691703808,.39212444,.42063057,.31514183,-.43839094,-.32018536,-.77618897
1985,5,.47960258,.49300894,.44862872,-.081635006,-.027966056,-.20621276,75418320896,46639259648,28779063296,132283318272,78260584448,54022737920,1243344128,812142016,431202048,10582410240,6593885696,3988524288,.15668842,.16540849,.13425219,-1.6830772,-1.6185243,-1.8638736
1986,1,.48609266,.50015169,.45395777,-.055643726,.00060677528,-.18469216,78497865728,48305270784,30192594944,134852837376,79312429056,55540408320,28692252672,15920226304,12772027392,39051280384,22608367616,16442913792,.53283352,.52782828,.54148442,.13152334,.11142825,.16632001
1986,2,.48609266,.50015169,.45395777,-.055643726,.00060677528,-.18469216,78497865728,48305270784,30192594944,134852837376,79312429056,55540408320,26224627712,16757181440,9467447296,36226351104,21894825984,14331526144,.55264622,.56667876,.51772761,.21136831,.26831326,.070940189
1986,3,.48609266,.50015169,.45395777,-.055643726,.00060677528,-.18469216,78497865728,48305270784,30192594944,134852837376,79312429056,55540408320,14341608448,9304227840,5037380608,27726796800,15616384000,12110411776,.47371456,.50357014,.40082091,-.10523878,.014280801,-.40204582
1986,4,.48609266,.50015169,.45395777,-.055643726,.00060677528,-.18469216,78497865728,48305270784,30192594944,134852837376,79312429056,55540408320,7939066368,5461362688,2477703680,21402710016,12663247872,8739462144,.39221987,.42358896,.30709577,-.43799061,-.30805746,-.81373215
1986,5,.48609266,.50015169,.45395777,-.055643726,.00060677528,-.18469216,78497865728,48305270784,30192594944,134852837376,79312429056,55540408320,1300307584,862272384,438035168,10445697024,6529601536,3916095232,.16568731,.17591387,.13919213,-1.616506,-1.5442805,-1.8220161
1987,1,.48770717,.50169224,.45656088,-.049181238,.006768968,-.17419563,80759554048,49188810752,31570741248,138238115840,80504930304,57733181440,28828166144,15893140480,12935024640,38997377024,22293643264,16703735808,.5355612,.53203756,.54149181,.1424854,.12832604,.16634977
1987,2,.48770717,.50169224,.45656088,-.049181238,.006768968,-.17419563,80759554048,49188810752,31570741248,138238115840,80504930304,57733181440,27143284736,17224118272,9919167488,38906007552,23504031744,15401974784,.54414862,.55718207,.5121246,.17705558,.22973338,.048507903
1987,3,.48770717,.50169224,.45656088,-.049181238,.006768968,-.17419563,80759554048,49188810752,31570741248,138238115840,80504930304,57733181440,15532534784,9804088320,5728446976,28630067200,15910466560,12719600640,.48478308,.51306975,.41873604,-.060886469,.052290909,-.32796422
1987,4,.48770717,.50169224,.45656088,-.049181238,.006768968,-.17419563,80759554048,49188810752,31570741248,138238115840,80504930304,57733181440,7958239232,5466794496,2491444992,21323313152,12578198528,8745114624,.39233455,.42301354,.30987042,-.43750957,-.31041461,-.80072516
1987,5,.48770717,.50169224,.45656088,-.049181238,.006768968,-.17419563,80759554048,49188810752,31570741248,138238115840,80504930304,57733181440,1297326976,800670720,496656192,10381344768,6218590720,4162754304,.16538854,.17252082,.14898667,-1.6186688,-1.5678661,-1.742571
1988,1,.49823734,.5109992,.47008371,-.0070506628,.044003911,-.11980825,84993146880,51468251136,33524895744,139128422400,80940802048,58187624448,29374148608,16098464768,13275684864,38132011008,22096250880,16035760128,.54606074,.53761721,.5602783,.18476681,.15075369,.24229158
1988,2,.49823734,.5109992,.47008371,-.0070506628,.044003911,-.11980825,84993146880,51468251136,33524895744,139128422400,80940802048,58187624448,29168420864,18547636224,10620783616,39425724416,23925782528,15499939840,.55731976,.57008755,.52556288,.23029144,.28220838,.10234076
1988,3,.49823734,.5109992,.47008371,-.0070506628,.044003911,-.11980825,84993146880,51468251136,33524895744,139128422400,80940802048,58187624448,16527412224,10232606720,6294804992,29693433856,16463163392,13230270464,.48755839,.51153874,.43325546,-.049776696,.046163172,-.26858112
1988,4,.49823734,.5109992,.47008371,-.0070506628,.044003911,-.11980825,84993146880,51468251136,33524895744,139128422400,80940802048,58187624448,8491946496,5651845632,2840100608,21654720512,12498078720,9156641792,.40533623,.43513164,.32986376,-.38327923,-.2609441,-.70880133
1988,5,.49823734,.5109992,.47008371,-.0070506628,.044003911,-.11980825,84993146880,51468251136,33524895744,139128422400,80940802048,58187624448,1431216640,937695232,493521408,10222538752,5957527552,4265011456,.18146306,.19904011,.14181446,-1.5064664,-1.3923044,-1.8003008
1989,1,.49930906,.50902617,.47807789,-.00276375,.036108602,-.087744698,87154606080,52140392448,35014213632,141057703936,82342371328,58715336704,29353949184,15656701952,13697247232,37370388480,21756237824,15614152704,.54964268,.53417832,.57489073,.19922709,.1369268,.30183375
1989,2,.49930906,.50902617,.47807789,-.00276375,.036108602,-.087744698,87154606080,52140392448,35014213632,141057703936,82342371328,58715336704,29457752064,18325211136,11132540928,41161830400,25091078144,16070754304,.54657418,.55385047,.52903211,.18683833,.21624058,.11625922
1989,3,.49930906,.50902617,.47807789,-.00276375,.036108602,-.087744698,87154606080,52140392448,35014213632,141057703936,82342371328,58715336704,17922846720,11222188032,6700657664,30862129152,16997562368,13864565760,.49742827,.52440733,.43585604,-.010287018,.097706966,-.25799745
1989,4,.49930906,.50902617,.47807789,-.00276375,.036108602,-.087744698,87154606080,52140392448,35014213632,141057703936,82342371328,58715336704,8886306816,5924928000,2961379072,21867329536,12665115648,9202213888,.41092128,.44055873,.3354196,-.36015818,-.23889479,-.68377358
1989,5,.49930906,.50902617,.47807789,-.00276375,.036108602,-.087744698,87154606080,52140392448,35014213632,141057703936,82342371328,58715336704,1533751680,1011364160,522387584,9796022272,5832374784,3963647232,.19934916,.21490516,.1619775,-1.390367,-1.2956077,-1.6435875
1990,1,.50141048,.50885361,.48542166,.0056419522,.03541816,-.058329903,87953350656,51977027584,35976323072,140904873984,82133319680,58771566592,28111822848,14888718336,13223104512,36163932160,20913649664,15250282496,.54492301,.52765447,.57257354,.1801779,.11073088,.29235893
1990,2,.50141048,.50885361,.48542166,.0056419522,.03541816,-.058329903,87953350656,51977027584,35976323072,140904873984,82133319680,58771566592,29877868544,18139750400,11738118144,41735393280,25531830272,16203563008,.54577082,.54767555,.54132372,.18359728,.19128332,.16567279
1990,3,.50141048,.50885361,.48542166,.0056419522,.03541816,-.058329903,87953350656,51977027584,35976323072,140904873984,82133319680,58771566592,19494021120,12137995264,7356025856,31427053568,17412853760,14014198784,.51096773,.53609133,.4533332,.043877963,.14461683,-.18721208
1990,4,.50141048,.50885361,.48542166,.0056419522,.03541816,-.058329903,87953350656,51977027584,35976323072,140904873984,82133319680,58771566592,9042820096,5913127936,3129691904,21788426240,12424915968,9363511296,.41508919,.44481951,.34243855,-.34296596,-.22162466,-.65244597
1990,5,.50141048,.50885361,.48542166,.0056419522,.03541816,-.058329903,87953350656,51977027584,35976323072,140904873984,82133319680,58771566592,1426819200,897436864,529382304,9790074880,5850064896,3940009984,.18548606,.1948669,.1635157,-1.4796118,-1.4186909,-1.6322987
1991,1,.50925887,.51697284,.49310723,.037039701,.067917451,-.027572829,89686605824,52401328128,37285281792,138664951808,79889915904,58775031808,27075551232,14295051264,12780499968,34596421632,20071514112,14524906496,.54664201,.52913839,.57489228,.18711203,.11668576,.3018401
1991,2,.50925887,.51697284,.49310723,.037039701,.067917451,-.027572829,89686605824,52401328128,37285281792,138664951808,79889915904,58775031808,29606129664,17505898496,12100231168,41288187904,24784017408,16504168448,.54352742,.54431903,.54178059,.17455155,.1777426,.16751298
1991,3,.50925887,.51697284,.49310723,.037039701,.067917451,-.027572829,89686605824,52401328128,37285281792,138664951808,79889915904,58775031808,21856948224,13377907712,8479041536,31756204032,17369610240,14386594816,.53301138,.55694437,.47968754,.13223787,.22877002,-.081294574
1991,4,.50925887,.51697284,.49310723,.037039701,.067917451,-.027572829,89686605824,52401328128,37285281792,138664951808,79889915904,58775031808,9686611968,6294113280,3392498688,21568417792,11993794560,9574624256,.43078098,.46324414,.35409531,-.27866551,-.14728914,-.60108584
1991,5,.50925887,.51697284,.49310723,.037039701,.067917451,-.027572829,89686605824,52401328128,37285281792,138664951808,79889915904,58775031808,1461367296,928358144,533009088,9455720448,5670982656,3784737280,.19048657,.20070033,.16647449,-1.4468517,-1.3819231,-1.6108222
1992,1,.52217048,.5283882,.50923234,.088740125,.11367506,.036933567,93744955392,54455377920,39289581568,136554217472,78736605184,57817608192,27675084800,14657021952,13018062848,32321781760,18840799232,13480981504,.56879836,.55236715,.59546882,.27695018,.21023959,.38662019
1992,2,.52217048,.5283882,.50923234,.088740125,.11367506,.036933567,93744955392,54455377920,39289581568,136554217472,78736605184,57817608192,30829580288,18100674560,12728905728,41171509248,24731916288,16439591936,.55130219,.55036771,.55334198,.20593348,.20215651,.21418299
1992,3,.52217048,.5283882,.50923234,.088740125,.11367506,.036933567,93744955392,54455377920,39289581568,136554217472,78736605184,57817608192,23356164096,13990718464,9365445632,31604948992,17337520128,14267428864,.54963464,.56847227,.5087111,.19919458,.27562076,.034847926
1992,4,.52217048,.5283882,.50923234,.088740125,.11367506,.036933567,93744955392,54455377920,39289581568,136554217472,78736605184,57817608192,10347280384,6681551872,3665728256,22316234752,12392904704,9923330048,.43653947,.46843907,.36136997,-.25521848,-.12641178,-.56942302
1992,5,.52217048,.5283882,.50923234,.088740125,.11367506,.036933567,93744955392,54455377920,39289581568,136554217472,78736605184,57817608192,1536852352,1025411520,511440800,9139741696,5433466368,3706275840,.20659468,.22500645,.16274278,-1.3455755,-1.2367257,-1.6379604
1993,1,.52890772,.53419679,.51789665,.11575996,.13700105,.071617201,97500520448,56446631936,41053892608,137855762432,79804088320,58051670016,27959160832,14663820288,13295340544,33400473600,19831572480,13568901120,.56100476,.53776443,.59888452,.24524081,.15134595,.40081945
1993,2,.52890772,.53419679,.51789665,.11575996,.13700105,.071617201,97500520448,56446631936,41053892608,137855762432,79804088320,58051670016,32172568576,18884640768,13287926784,41166143488,24785768448,16380376064,.56071782,.55943823,.5635165,.2440758,.23888245,.25544602
1993,3,.52890772,.53419679,.51789665,.11575996,.13700105,.071617201,97500520448,56446631936,41053892608,137855762432,79804088320,58051670016,25299894272,15400551424,9899343872,32795105280,18095032320,14700073984,.56010669,.58128625,.51265007,.24159509,.32805583,.05061109
1993,4,.52890772,.53419679,.51789665,.11575996,.13700105,.071617201,97500520448,56446631936,41053892608,137855762432,79804088320,58051670016,10533648384,6545661440,3987986688,21939546112,12315757568,9623789568,.4373121,.46055812,.38403669,-.252078,-.158096,-.4724493
1993,5,.52890772,.53419679,.51789665,.11575996,.13700105,.071617201,97500520448,56446631936,41053892608,137855762432,79804088320,58051670016,1535252608,951957248,583295360,8554488832,4775958016,3778530560,.21501011,.23372532,.17651519,-1.2949858,-1.1873941,-1.5401381
1994,1,.53750008,.54278767,.52639586,.15028253,.17157032,.10568168,101697789952,59121917952,42575876096,139224432640,80841916416,58382508032,28913332224,15408362496,13504968704,33282760704,19780194304,13502567424,.57215661,.55254233,.60464126,.29065552,.21094809,.42484176
1994,2,.53750008,.54278767,.52639586,.15028253,.17157032,.10568168,101697789952,59121917952,42575876096,139224432640,80841916416,58382508032,32244535296,18765785088,13478750208,40990404608,24731289600,16259115008,.56158513,.55806202,.56921208,.24759771,.23330054,.27863717
1994,3,.53750008,.54278767,.52639586,.15028253,.17157032,.10568168,101697789952,59121917952,42575876096,139224432640,80841916416,58382508032,27445901312,16777171968,10668729344,34583654400,19433670656,15149982720,.56801713,.58645493,.52564263,.27376562,.34932929,.1026606
1994,4,.53750008,.54278767,.52639586,.15028253,.17157032,.10568168,101697789952,59121917952,42575876096,139224432640,80841916416,58382508032,11396314112,7119006720,4277307648,22072999936,12205574144,9867426816,.4550316,.48262712,.39214832,-.18036093,-.06951949,-.43829077
1994,5,.53750008,.54278767,.52639586,.15028253,.17157032,.10568168,101697789952,59121917952,42575876096,139224432640,80841916416,58382508032,1697710336,1051590144,646120128,8294605312,4691189248,3603415808,.23921077,.25536492,.20512047,-1.1570113,-1.0702007,-1.354593
1995,1,.53492832,.53692102,.53083026,.13994122,.14795341,.1234777,103692566528,59416461312,44276105216,142277197824,82580529152,59696668672,29868171264,15800269824,14067900416,32867661824,19558584320,13309076480,.58568871,.5643217,.62064558,.34617084,.25872034,.4922893
1995,2,.53492832,.53692102,.53083026,.13994122,.14795341,.1234777,103692566528,59416461312,44276105216,142277197824,82580529152,59696668672,32245336064,18397200384,13848135680,40751464448,24561418240,16190045184,.56027496,.55203575,.57754374,.24227804,.20889938,.31269825
1995,3,.53492832,.53692102,.53083026,.13994122,.14795341,.1234777,103692566528,59416461312,44276105216,142277197824,82580529152,59696668672,28208967680,16942246912,11266721792,36819546112,20725868544,16093679616,.55809253,.57332546,.52392948,.23342428,.295432,.095791087
1995,4,.53492832,.53692102,.53083026,.13994122,.14795341,.1234777,103692566528,59416461312,44276105216,142277197824,82580529152,59696668672,11594451968,7165965312,4428486656,23357364224,12898764800,10458598400,.44601062,.47175506,.38859084,-.21680276,-.11310018,-.45323941
1995,5,.53492832,.53692102,.53083026,.13994122,.14795341,.1234777,103692566528,59416461312,44276105216,142277197824,82580529152,59696668672,1775639296,1110777856,664861440,8481160192,4835891712,3645268224,.24127518,.25904417,.20262331,-1.1457011,-1.0509424,-1.3699785
1996,1,.53523135,.53621763,.53321773,.14115934,.14512469,.13306691,105643704320,60201570304,45442134016,144913727488,84051288064,60862451712,29828864000,15619872768,14208992256,33323988992,19580450816,13743538176,.58248109,.55994862,.61833835,.33296686,.24095355,.4825013
1996,2,.53523135,.53621763,.53321773,.14115934,.14512469,.13306691,105643704320,60201570304,45442134016,144913727488,84051288064,60862451712,32015892480,18525044736,13490846720,40491954176,24617961472,15873992704,.56069523,.55461115,.57384348,.24398409,.21931951,.29754996
1996,3,.53523135,.53621763,.53321773,.14115934,.14512469,.13306691,105643704320,60201570304,45442134016,144913727488,84051288064,60862451712,29317144576,17341765632,11975378944,37785010176,21400227840,16384783360,.5597232,.5713191,.53417099,.24003875,.28723508,.13689734
1996,4,.53523135,.53621763,.53321773,.14115934,.14512469,.13306691,105643704320,60201570304,45442134016,144913727488,84051288064,60862451712,12850423808,7778825728,5071598080,24628367360,13546838016,11081528320,.45764092,.47964197,.40991405,-.16984345,-.08147715,-.36432073
1996,5,.53523135,.53621763,.53321773,.14115934,.14512469,.13306691,105643704320,60201570304,45442134016,144913727488,84051288064,60862451712,1631376000,936059648,695316352,8684414976,4905807360,3778606848,.21713576,.22165351,.20801447,-1.2824365,-1.2560564,-1.3369354
1997,1,.54079247,.54026049,.54187596,.16353334,.16139138,.16789714,109043990528,61793673216,47250321408,146462261248,85094121472,61368147968,29813833728,15304841216,14508991488,33534183424,19601387520,13932796928,.58037788,.55472755,.61995357,.32432482,.21979077,.48935118
1997,2,.54079247,.54026049,.54187596,.16353334,.16139138,.16789714,109043990528,61793673216,47250321408,146462261248,85094121472,61368147968,32502718464,18802540544,13700177920,39733727232,24298479616,15435249664,.57023287,.56290114,.58617592,.2828013,.25294462,.34817898
1997,3,.54079247,.54026049,.54187596,.16353334,.16139138,.16789714,109043990528,61793673216,47250321408,146462261248,85094121472,61368147968,31154761728,18304256000,12850505728,39127715840,22358396928,16769317888,.5637272,.57154846,.54653037,.25630271,.28817165,.18666156
1997,4,.54079247,.54026049,.54187596,.16353334,.16139138,.16789714,109043990528,61793673216,47250321408,146462261248,85094121472,61368147968,13767443456,8331370496,5436072960,25172224000,13789421568,11382802432,.47080025,.49412042,.42015392,-.11693205,-.023519408,-.32214159
1997,5,.54079247,.54026049,.54187596,.16353334,.16139138,.16789714,109043990528,61793673216,47250321408,146462261248,85094121472,61368147968,1805234816,1050663104,754571648,8894415872,5046434304,3847981824,.22946616,.2338953,.22036526,-1.211328,-1.1864452,-1.2635391
1998,1,.54717696,.54741281,.54669797,.18927084,.19022278,.18733788,112757112832,63998353408,48758759424,148200292352,85863350272,62336950272,30321876992,15615670272,14706206720,34489126912,20202496000,14286630912,.58020008,.55525017,.61866271,.32359478,.22190681,.48387599
1998,2,.54717696,.54741281,.54669797,.18927084,.19022278,.18733788,112757112832,63998353408,48758759424,148200292352,85863350272,62336950272,33126666240,19046975488,14079691776,39050727424,23791509504,15259218944,.57965451,.57177472,.59657007,.32135531,.28909567,.3911939
1998,3,.54717696,.54741281,.54669797,.18927084,.19022278,.18733788,112757112832,63998353408,48758759424,148200292352,85863350272,62336950272,32499761152,18964742144,13535017984,39927177216,22824345600,17102829568,.56986558,.57559824,.55738932,.28130275,.30472937,.23057339
1998,4,.54717696,.54741281,.54669797,.18927084,.19022278,.18733788,112757112832,63998353408,48758759424,148200292352,85863350272,62336950272,14984080384,9224232960,5759846912,25900912640,13934307328,11966605312,.4818899,.51160067,.41695672,-.072472088,.046411023,-.33527899
1998,5,.54717696,.54741281,.54669797,.18927084,.19022278,.18733788,112757112832,63998353408,48758759424,148200292352,85863350272,62336950272,1824728320,1146733952,677994368,8832353280,5110689280,3721664256,.23245013,.24682175,.20060471,-1.1945277,-1.1156355,-1.3825192
1999,1,.55250794,.55287457,.55177689,.21080899,.21229199,.20785265,116427227136,65552424960,50874802176,149634842624,85917343744,63717502976,30681522176,15781865472,14899657728,34218528768,19904520192,14314007552,.58710963,.56411481,.62234765,.35202944,.2578789,.4995248
1999,2,.55250794,.55287457,.55177689,.21080899,.21229199,.20785265,116427227136,65552424960,50874802176,149634842624,85917343744,63717502976,33463996416,19241838592,14222155776,38949605376,23428403200,15521200128,.58218461,.57587898,.59552658,.33174792,.3058787,.38685998
1999,3,.55250794,.55287457,.55177689,.21080899,.21229199,.20785265,116427227136,65552424960,50874802176,149634842624,85917343744,63717502976,33912180736,19443187712,14468992000,41392631808,23713071104,17679558656,.56968212,.57258075,.56348526,.28055432,.29238841,.25531906
1999,4,.55250794,.55287457,.55177689,.21080899,.21229199,.20785265,116427227136,65552424960,50874802176,149634842624,85917343744,63717502976,16379255808,9919151104,6460103680,25925976064,13643076608,12282900480,.50313914,.53314787,.44006711,.012556718,.13278626,-.24088968
1999,5,.55250794,.55287457,.55177689,.21080899,.21229199,.20785265,116427227136,65552424960,50874802176,149634842624,85917343744,63717502976,1990275072,1166381184,823893888,9148109824,5228272640,3919837184,.24146263,.24979421,.22409321,-1.1446773,-1.0997101,-1.2419703
2000,1,.55527872,.55450106,.55682009,.22202243,.21887384,.2282664,118728024064,66383208448,52344811520,150456877056,86377480192,64079405056,31468347392,15806587904,15661758464,34552389632,20043649024,14508740608,.58977622,.56231856,.63060707,.36304036,.25057718,.53482205
2000,2,.55527872,.55450106,.55682009,.22202243,.21887384,.2282664,118728024064,66383208448,52344811520,150456877056,86377480192,64079405056,33498025984,19249803264,14248223744,37731897344,22711482368,15020417024,.59054583,.58532107,.60164118,.36622229,.34465596,.41230807
2000,3,.55527872,.55450106,.55682009,.22202243,.21887384,.2282664,118728024064,66383208448,52344811520,150456877056,86377480192,64079405056,34483167232,19676973056,14806196224,42606501888,24377257984,18229243904,.56651747,.56812358,.56312257,.26765645,.27419949,.25384465
2000,4,.55527872,.55450106,.55682009,.22202243,.21887384,.2282664,118728024064,66383208448,52344811520,150456877056,86377480192,64079405056,17282045952,10485054464,6796990976,26675908608,14392747008,12283160576,.50723505,.53226006,.45303464,.028942222,.12921974,-.18841688
2000,5,.55527872,.55450106,.55682009,.22202243,.21887384,.2282664,118728024064,66383208448,52344811520,150456877056,86377480192,64079405056,1996432768,1164791296,831641408,8890182656,4852338688,4037843968,.24837309,.2627632,.22055805,-1.107308,-1.0316559,-1.2624173
2001,1,.5624361,.5604412,.56637073,.25105479,.24295282,.26705888,121031835648,67516719104,53515120640,149805383680,86291857408,63513530368,31257141248,15882492928,15374649344,33991579648,19884701696,14106877952,.59481901,.56626171,.63776046,.38392332,.266615,.56565708
2001,2,.5624361,.5604412,.56637073,.25105479,.24295282,.26705888,121031835648,67516719104,53515120640,149805383680,86291857408,63513530368,33773309952,19412506624,14360804352,36439875584,22095749120,14344129536,.60204554,.59546429,.61599308,.4139955,.38660139,.47257516
2001,3,.5624361,.5604412,.56637073,.25105479,.24295282,.26705888,121031835648,67516719104,53515120640,149805383680,86291857408,63513530368,34790731776,19517945856,15272784896,42024763392,24008300544,18016462848,.5726251,.57242846,.57303119,.29256961,.29176617,.29422918
2001,4,.5624361,.5604412,.56637073,.25105479,.24295282,.26705888,121031835648,67516719104,53515120640,149805383680,86291857408,63513530368,18901725184,11345893376,7555831296,27714140160,14956310528,12757829632,.52075702,.5436734,.47147095,.083075821,.1751399,-.11424027
2001,5,.5624361,.5604412,.56637073,.25105479,.24295282,.26705888,121031835648,67516719104,53515120640,149805383680,86291857408,63513530368,2308932096,1357882880,951049216,9635025920,5346795008,4288230656,.26196167,.27551335,.23501024,-1.0357976,-.96682727,-1.1802334
2002,1,.5681293,.56627667,.57178348,.27422279,.26667592,.28913143,122256973824,68193058816,54063915008,148122304512,85473009664,62649290752,30469382144,15435758592,15033622528,33068675072,19607408640,13461267456,.59215289,.56016797,.64082032,.3728725,.24184377,.57892638
2002,2,.5681293,.56627667,.57178348,.27422279,.26667592,.28913143,122256973824,68193058816,54063915008,148122304512,85473009664,62649290752,33450823680,19140407296,14310416384,35831652352,21915940864,13915710464,.60404342,.59488159,.62342894,.42234156,.38418299,.50412804
2002,3,.5681293,.56627667,.57178348,.27422279,.26667592,.28913143,122256973824,68193058816,54063915008,148122304512,85473009664,62649290752,35049074688,19717601280,15331473408,41131708416,23370405888,17761300480,.58076262,.58246338,.57726336,.32590482,.33289409,.31154919
2002,4,.5681293,.56627667,.57178348,.27422279,.26667592,.28913143,122256973824,68193058816,54063915008,148122304512,85473009664,62649290752,20858920960,12461551616,8397370368,28445464576,15256295424,13189169152,.53949952,.56280518,.48998913,.158328,.2525546,-.040048826
2002,5,.5681293,.56627667,.57178348,.27422279,.26667592,.28913143,122256973824,68193058816,54063915008,148122304512,85473009664,62649290752,2428769024,1437737856,991031168,9644806144,5322961920,4321844736,.27025726,.28461769,.24186055,-.99331772,-.92167026,-1.142506
2003,1,.57121605,.56665003,.58017534,.28681433,.26819625,.32349321,123043602432,68069974016,54973624320,146506006528,85029486592,61476519936,30394644480,15220169728,15174475776,32524220416,19449040896,13075178496,.59532326,.55920345,.64977258,.38601598,.23792991,.61803973
2003,2,.57121605,.56665003,.58017534,.28681433,.26819625,.32349321,123043602432,68069974016,54973624320,146506006528,85029486592,61476519936,32762220544,18903834624,13858384896,34499018752,21238706176,13260312576,.6080808,.5991351,.62734282,.43925208,.40186265,.52083427
2003,3,.57121605,.56665003,.58017534,.28681433,.26819625,.32349321,123043602432,68069974016,54973624320,146506006528,85029486592,61476519936,35063558144,19491035136,15572525056,40808333312,23270615040,17537718272,.58142918,.58023822,.58385056,.32864308,.32375139,.33860064
2003,4,.57121605,.56665003,.58017534,.28681433,.26819625,.32349321,123043602432,68069974016,54973624320,146506006528,85029486592,61476519936,22169079808,12860553216,9308526592,28945940480,15812887552,13133053952,.54659384,.56106114,.51650178,.18691769,.24546976,.066031121
2003,5,.57121605,.56665003,.58017534,.28681433,.26819625,.32349321,123043602432,68069974016,54973624320,146506006528,85029486592,61476519936,2654097920,1594383232,1059714624,9728492544,5258236416,4470256128,.28746006,.30949187,.24418031,-.90775204,-.8024959,-1.1298959
2004,1,.56799644,.55897367,.58575696,.27368134,.2369978,.34645209,124413050880,68213374976,56199675904,149337866240,87916126208,61421740032,30576723968,15307266048,15269457920,33610280960,20277913600,13332368384,.58591098,.5465951,.64600962,.34708688,.18692274,.60154468
2004,2,.56799644,.55897367,.58575696,.27368134,.2369978,.34645209,124413050880,68213374976,56199675904,149337866240,87916126208,61421740032,32929581056,18627848192,14301732864,34059016192,21346824192,12712193024,.61113387,.59453326,.64635044,.45208091,.38273785,.60303539
2004,3,.56799644,.55897367,.58575696,.27368134,.2369978,.34645209,124413050880,68213374976,56199675904,149337866240,87916126208,61421740032,35016458240,19356522496,15659934720,41496195072,24091699200,17404497920,.57525092,.57051975,.58498091,.30330774,.28397202,.34325469
2004,4,.56799644,.55897367,.58575696,.27368134,.2369978,.34645209,124413050880,68213374976,56199675904,149337866240,87916126208,61421740032,23024621568,13237719040,9786902528,30098388992,16606980096,13491407872,.54673123,.55843979,.52237636,.18747208,.23483242,.089565262
2004,5,.56799644,.55897367,.58575696,.27368134,.2369978,.34645209,124413050880,68213374976,56199675904,149337866240,87916126208,61421740032,2865666560,1684020864,1181645696,10073985024,5592712704,4481272832,.29295298,.30651003,.26569489,-.88108504,-.8164863,-1.0165761
2005,1,.57140261,.56105191,.59172881,.28757605,.24543226,.37111679,128062955520,70039404544,58023550976,150860283904,89108979712,61751304192,31453016064,15684493312,15768522752,34111057920,20581601280,13529455616,.58585542,.54425287,.6484071,.34685791,.17747587,.61204475
2005,2,.57140261,.56105191,.59172881,.28757605,.24543226,.37111679,128062955520,70039404544,58023550976,150860283904,89108979712,61751304192,33534613504,18690054144,14844559360,33656375296,21359308800,12297066496,.61799407,.59620124,.66353792,.48104274,.38966164,.67910057
2005,3,.57140261,.56105191,.59172881,.28757605,.24543226,.37111679,128062955520,70039404544,58023550976,150860283904,89108979712,61751304192,35481001984,19710046208,15770955776,41273348096,24144852992,17128493056,.57827723,.5727405,.58980626,.31570524,.29304117,.36316451
2005,4,.57140261,.56105191,.59172881,.28757605,.24543226,.37111679,128062955520,70039404544,58023550976,150860283904,89108979712,61751304192,24574134272,14201990144,10372143104,31159586816,17174553600,13985034240,.55394769,.56667662,.52728677,.21663402,.2683045,.10925562
2005,5,.57140261,.56105191,.59172881,.28757605,.24543226,.37111679,128062955520,70039404544,58023550976,150860283904,89108979712,61751304192,3020188160,1752818816,1267369472,10659918848,5848664064,4811254784,.29037857,.30538836,.26079169,-.89354616,-.82176864,-1.0418578
2006,1,.5782007,.56746894,.59924269,.31539142,.27153188,.40231064,132243341312,72266416128,59976916992,151989780480,89912713216,62077071360,33228609536,16664860672,16563749888,34183956480,20789772288,13394185216,.60037494,.55887562,.66350394,.4070276,.23660007,.6789484
2006,2,.5782007,.56746894,.59924269,.31539142,.27153188,.40231064,132243341312,72266416128,59976916992,151989780480,89912713216,62077071360,33669597184,19081308160,14588286976,34130178048,21443436544,12686741504,.61957759,.60390317,.65292478,.48775569,.42175519,.6319204
2006,3,.5782007,.56746894,.59924269,.31539142,.27153188,.40231064,132243341312,72266416128,59976916992,151989780480,89912713216,62077071360,36212150272,19936544768,16275604480,39990276096,23393191936,16597082112,.59184337,.58490574,.60611391,.371591,.3429451,.43100619
2006,4,.5782007,.56746894,.59924269,.31539142,.27153188,.40231064,132243341312,72266416128,59976916992,151989780480,89912713216,62077071360,25751701504,14726370304,11025331200,32920717312,18540068864,14380649472,.55025196,.55616426,.53784633,.20168877,.22560917,.15167542
2006,5,.5782007,.56746894,.59924269,.31539142,.27153188,.40231064,132243341312,72266416128,59976916992,151989780480,89912713216,62077071360,3381278208,1857333888,1523944320,10764654592,5746240000,5018414080,.3139669,.32427469,.29535231,-.78163832,-.73419571,-.86952901
2007,1,.58755726,.5742867,.61301959,.35387629,.29936263,.46002281,136044781568,73403359232,62641426432,149171912704,88093106176,61078814720,34484043776,16929936384,17554106368,33568606208,20227983360,13340620800,.61236846,.56820822,.67648745,.45727894,.27454445,.73767596
2007,2,.58755726,.5742867,.61301959,.35387629,.29936263,.46002281,136044781568,73403359232,62641426432,149171912704,88093106176,61078814720,34439176192,19321851904,15117325312,32114116608,20262559744,11851555840,.63679671,.61794066,.67617387,.56148779,.48081651,.73624349
2007,3,.58755726,.5742867,.61301959,.35387629,.29936263,.46002281,136044781568,73403359232,62641426432,149171912704,88093106176,61078814720,35998752768,19327752192,16671002624,39252766720,22903855104,16348913664,.59322554,.58170354,.61599302,.37731579,.32977054,.47257492
2007,4,.58755726,.5742867,.61301959,.35387629,.29936263,.46002281,136044781568,73403359232,62641426432,149171912704,88093106176,61078814720,27278393344,15659209728,11619183616,33051682816,18725793792,14325888000,.56313688,.56889313,.55091083,.25390279,.2773366,.2043515
2007,5,.58755726,.5742867,.61301959,.35387629,.29936263,.46002281,136044781568,73403359232,62641426432,149171912704,88093106176,61078814720,3844417024,2164606976,1679810176,11184746496,5972911616,5211834880,.32958263,.34374893,.30327332,-.71007335,-.6466319,-.83175874
2008,1,.59231687,.57898182,.6175738,.37355149,.31859505,.47926286,134555811840,72229421056,62326390784,144353361920,84814856192,59538505728,34506530816,16866684928,17639847936,31653437440,19218040832,12435396608,.62518114,.57832724,.69292831,.51159853,.31591031,.81384534
2008,2,.59231687,.57898182,.6175738,.37355149,.31859505,.47926286,134555811840,72229421056,62326390784,144353361920,84814856192,59538505728,33602179072,18763100160,14839079936,30971430912,19449714688,11521716224,.63979298,.62092328,.67868501,.57446575,.49346891,.7477352
2008,3,.59231687,.57898182,.6175738,.37355149,.31859505,.47926286,134555811840,72229421056,62326390784,144353361920,84814856192,59538505728,34752466944,18813736960,15938728960,37471903744,21525884928,15946019840,.59795952,.59084558,.6119886,.39697027,.36746207,.45567894
2008,4,.59231687,.57898182,.6175738,.37355149,.31859505,.47926286,134555811840,72229421056,62326390784,144353361920,84814856192,59538505728,27794501632,15550866432,12243635200,33288376320,18689662976,14598714368,.56485063,.56729722,.55987775,.26087198,.2708323,.24066594
2008,5,.59231687,.57898182,.6175738,.37355149,.31859505,.47926286,134555811840,72229421056,62326390784,144353361920,84814856192,59538505728,3900129536,2235029248,1665100288,10968210432,5931553792,5036657152,.34004748,.3560034,.30938742,-.66308266,-.59275317,-.80298471
2009,1,.59969074,.58617479,.62461919,.40417668,.34817433,.50920117,130979274752,69469798400,61509476352,135896809472,78767702016,57129111552,33323401216,16203918336,17119482880,28310532096,16529184768,11781347328,.64456838,.60669887,.69711155,.59524804,.43345702,.83358085
2009,2,.59969074,.58617479,.62461919,.40417668,.34817433,.50920117,130979274752,69469798400,61509476352,135896809472,78767702016,57129111552,32597389312,17878472704,14718916608,29111775232,18186096640,10925678592,.64637494,.62508118,.68896842,.60314256,.511172,.79530096
2009,3,.59969074,.58617479,.62461919,.40417668,.34817433,.50920117,130979274752,69469798400,61509476352,135896809472,78767702016,57129111552,33359136768,17901373440,15457762304,35041464320,20174573568,14866888704,.60426265,.59556937,.62120134,.42325822,.38703766,.49465042
2009,4,.59969074,.58617479,.62461919,.40417668,.34817433,.50920117,130979274752,69469798400,61509476352,135896809472,78767702016,57129111552,27513698304,15092104192,12421593088,32294301696,18099167232,14195134464,.56934899,.56804371,.57193029,.27919555,.27387396,.28973106
2009,5,.59969074,.58617479,.62461919,.40417668,.34817433,.50920117,130979274752,69469798400,61509476352,135896809472,78767702016,57129111552,4185653504,2393931008,1791722496,11138738176,5778676224,5360062464,.35542217,.37590873,.31833094,-.59528929,-.50695026,-.76145273
2010,1,.61078244,.59636009,.63735098,.45060238,.39032149,.56388497,133405573120,70771613696,62633963520,131659145216,76707119104,54952022016,34127198208,16847431680,17279766528,27203037184,16119080960,11083955200,.65859467,.62107015,.71186155,.65703785,.49409294,.90444237
2010,2,.61078244,.59636009,.63735098,.45060238,.39032149,.56388497,133405573120,70771613696,62633963520,131659145216,76707119104,54952022016,32769495040,17721679872,15047814144,28228612096,17688926208,10539684864,.65423328,.63044286,.70065749,.63769966,.53411716,.85043073
2010,3,.61078244,.59636009,.63735098,.45060238,.39032149,.56388497,133405573120,70771613696,62633963520,131659145216,76707119104,54952022016,33813944320,18229815296,15584126976,32760035328,18942754816,13817280512,.62223828,.6131348,.64007831,.49905947,.4605085,.57570404
2010,4,.61078244,.59636009,.63735098,.45060238,.39032149,.56388497,133405573120,70771613696,62633963520,131659145216,76707119104,54952022016,28141412352,15511572480,12629839872,32125067264,18064574464,14060492800,.57674325,.57619435,.57783759,.3094182,.30717003,.31390274
2010,5,.61078244,.59636009,.63735098,.45060238,.39032149,.56388497,133405573120,70771613696,62633963520,131659145216,76707119104,54952022016,4553525248,2461111552,2092413952,11342393344,5891783680,5450610176,.36407721,.3741208,.34668693,-.55771118,-.51457864,-.63363427
2011,1,.61283869,.59669799,.64254594,.45926031,.39172539,.58643144,135788994560,71821713408,63967281152,132712112128,77579468800,55132647424,34591092736,16884832256,17706260480,27171352576,15959870464,11211481088,.66260743,.62364495,.71662968,.67493558,.50504822,.92780465
2011,2,.61283869,.59669799,.64254594,.45926031,.39172539,.58643144,135788994560,71821713408,63967281152,132712112128,77579468800,55132647424,33149554688,17895450624,15254103040,28002736128,17573142528,10429592576,.65934402,.6345036,.70752007,.66037232,.55158657,.88336992
2011,3,.61283869,.59669799,.64254594,.45926031,.39172539,.58643144,135788994560,71821713408,63967281152,132712112128,77579468800,55132647424,34053988352,18486204416,15567783936,32639541248,19062777856,13576763392,.6244207,.61431289,.64457935,.50835472,.46547794,.59529591
2011,4,.61283869,.59669799,.64254594,.45926031,.39172539,.58643144,135788994560,71821713408,63967281152,132712112128,77579468800,55132647424,28698376192,15605490688,13092885504,33112111104,18715320320,14396791808,.57385111,.56977761,.58184946,.29758117,.28094387,.33037022
2011,5,.61283869,.59669799,.64254594,.45926031,.39172539,.58643144,135788994560,71821713408,63967281152,132712112128,77579468800,55132647424,5295986688,2949737472,2346248960,11786371072,6268355584,5518015488,.39022326,.4027673,.36696863,-.44637382,-.39394784,-.54524362
2012,1,.61826485,.60040647,.65109974,.48218989,.407159,.62387675,139962417152,73935904768,66026508288,133139079168,78365728768,54773350400,36017700864,17687046144,18330652672,27855171584,16552348672,11302821888,.66575533,.62585843,.72153574,.68904895,.51448995,.95209223
2012,2,.61826485,.60040647,.65109974,.48218989,.407159,.62387675,139962417152,73935904768,66026508288,133139079168,78365728768,54773350400,33946712064,18346807296,15599905792,28284198912,17849112576,10435086336,.66177404,.63526785,.71334469,.67120999,.55488348,.91168427
2012,3,.61826485,.60040647,.65109974,.48218989,.407159,.62387675,139962417152,73935904768,66026508288,133139079168,78365728768,54773350400,35073806336,19183366144,15890441216,31386689536,18507055104,12879633408,.63947511,.62903637,.66060209,.57308668,.52808505,.66597849
2012,4,.61826485,.60040647,.65109974,.48218989,.407159,.62387675,139962417152,73935904768,66026508288,133139079168,78365728768,54773350400,29680832512,15792939008,13887892480,33549234176,18967234560,14581999616,.57603997,.56795353,.59147817,.30653787,.27350643,.37007943
2012,5,.61826485,.60040647,.65109974,.48218989,.407159,.62387675,139962417152,73935904768,66026508288,133139079168,78365728768,54773350400,5243359232,2925743872,2317615616,12063788032,6489980416,5573808128,.38000473,.39074633,.35983863,-.48952812,-.44417617,-.57606459
2013,1,.61891639,.59788877,.6576401,.48495141,.39667597,.65279531,141504118784,74400186368,67103932416,134042476544,79725903872,54316572672,36450693120,17938616320,18512076800,28332972032,16818521088,11514450944,.66445827,.62465054,.72047609,.68322575,.50933486,.94682437
2013,2,.61891639,.59788877,.6576401,.48495141,.39667597,.65279531,141504118784,74400186368,67103932416,134042476544,79725903872,54316572672,34924474368,18508357632,16416116736,28122624000,17995995136,10126629888,.66656959,.63464653,.72717655,.6927104,.55220294,.98034441
2013,3,.61891639,.59788877,.6576401,.48495141,.39667597,.65279531,141504118784,74400186368,67103932416,134042476544,79725903872,54316572672,34767347712,18898550784,15868795904,31784755200,19144204288,12640549888,.63539892,.61975747,.66729492,.55544919,.48851895,.69597566
2013,4,.61891639,.59788877,.6576401,.48495141,.39667597,.65279531,141504118784,74400186368,67103932416,134042476544,79725903872,54316572672,30261278720,16195198976,14066079744,32934420480,18737174528,14197245952,.58493787,.57687813,.60053378,.34307742,.3099708,.40768969
2013,5,.61891639,.59788877,.6576401,.48495141,.39667597,.65279531,141504118784,74400186368,67103932416,134042476544,79725903872,54316572672,5100330496,2859464448,2240866048,12867706880,7030012416,5837694464,.36156428,.36807805,.34910077,-.56858116,-.5404709,-.62299424
2014,1,.62014741,.59767151,.66154116,.49017394,.3957724,.67016971,144833363968,76059787264,68773576704,136701526016,81693474816,55008047104,38098423808,19054393344,19044032512,29191749632,17209528320,11982221312,.67102838,.63745958,.71941358,.7128399,.5643549,.94155461
2014,2,.62014741,.59767151,.66154116,.49017394,.3957724,.67016971,144833363968,76059787264,68773576704,136701526016,81693474816,55008047104,35220799488,18538520576,16682279936,29255481344,18676707328,10578772992,.66002804,.62688339,.72232318,.66341919,.51886952,.95601475
2014,3,.62014741,.59767151,.66154116,.49017394,.3957724,.67016971,144833363968,76059787264,68773576704,136701526016,81693474816,55008047104,35394064384,19049586688,16344476672,31181131776,18652164096,12528967680,.64524984,.62955469,.67662853,.59822387,.53030688,.73832071
2014,4,.62014741,.59767151,.66154116,.49017394,.3957724,.67016971,144833363968,76059787264,68773576704,136701526016,81693474816,55008047104,30361720832,16137128960,14224590848,33169174528,19280175104,13888999424,.58250695,.56836647,.6099847,.33307323,.27518949,.44724789
2014,5,.62014741,.59767151,.66154116,.49017394,.3957724,.67016971,144833363968,76059787264,68773576704,136701526016,81693474816,55008047104,5758356480,3280161536,2478194944,13903986688,7874901504,6029085184,.36994696,.37345886,.3628104,-.53244436,-.51740658,-.56318688
2015,1,.62671912,.60371733,.66864544,.51816732,.42097831,.70206493,149552840704,78152171520,71400669184,137443262464,82049843200,55393419264,39650373632,19527747584,20122626048,29895366656,17708279808,12187086848,.67531759,.63761872,.72815192,.73233557,.56504357,.98526633
2015,2,.62671912,.60371733,.66864544,.51816732,.42097831,.70206493,149552840704,78152171520,71400669184,137443262464,82049843200,55393419264,36953493504,19463651328,17489840128,29455726592,18547671040,10908054528,.67014021,.63983762,.72649616,.70881927,.57465947,.97691756
2015,3,.62671912,.60371733,.66864544,.51816732,.42097831,.70206493,149552840704,78152171520,71400669184,137443262464,82049843200,55393419264,35713159168,19116337152,16596819968,30480230400,18477950976,12002279424,.65184557,.63269007,.68999678,.62716156,.54377472,.80010426
2015,4,.62671912,.60371733,.66864544,.51816732,.42097831,.70206493,149552840704,78152171520,71400669184,137443262464,82049843200,55393419264,31115276288,16625825792,14489450496,33602277376,19427557376,14174720000,.58522141,.57352769,.60805964,.3442454,.29625878,.4391633
2015,5,.62671912,.60371733,.66864544,.51816732,.42097831,.70206493,149552840704,78152171520,71400669184,137443262464,82049843200,55393419264,6120541696,3418609664,2701932288,14009663488,7888385536,6121277952,.38394523,.38523737,.38138554,-.47283599,-.46737656,-.48367149
2016,1,.62993997,.60482949,.67519552,.5319593,.42562923,.73177886,152285839360,79075753984,73210093568,137437601792,82107572224,55330033664,41192849408,20109660160,21083187200,30838358016,18004789248,12833569792,.67479914,.63812405,.72530174,.72997206,.56723124,.97091454
2016,2,.62993997,.60482949,.67519552,.5319593,.42562923,.73177886,152285839360,79075753984,73210093568,137437601792,82107572224,55330033664,38258417664,20181653504,18076764160,29528621056,18852210688,10676410368,.6757195,.64184022,.73892766,.73416919,.5833602,1.0404025
2016,3,.62993997,.60482949,.67519552,.5319593,.42562923,.73177886,152285839360,79075753984,73210093568,137437601792,82107572224,55330033664,35750842368,19066306560,16684534784,29686462464,17942757376,11743705088,.6577667,.63788444,.69683838,.65335763,.56619376,.83228743
2016,4,.62993997,.60482949,.67519552,.5319593,.42562923,.73177886,152285839360,79075753984,73210093568,137437601792,82107572224,55330033664,31102545920,16556614656,14545930240,33119406080,19270891520,13848514560,.58749622,.57371354,.61438471,.35362443,.29701865,.46578109
2016,5,.62993997,.60482949,.67519552,.5319593,.42562923,.73177886,152285839360,79075753984,73210093568,137437601792,82107572224,55330033664,5981192192,3161518592,2819673344,14264757248,8036922880,6227834880,.3707723,.36101082,.38920859,-.52890503,-.5709796,-.45064011
2017,1,.63647199,.61006296,.68387157,.56008404,.44757685,.77162158,156074000384,80827457536,75246542848,137251708928,82365480960,54886227968,42471137280,20728915968,21742219264,31108616192,18415548416,12693066752,.67976284,.63992882,.73484474,.75268215,.57505518,1.0193437
2017,2,.63647199,.61006296,.68387157,.56008404,.44757685,.77162158,156074000384,80827457536,75246542848,137251708928,82365480960,54886227968,39553626112,20909615104,18644011008,29210947584,18598342656,10612604928,.6859799,.65426892,.74496621,.78139132,.6378572,1.0719428
2017,3,.63647199,.61006296,.68387157,.56008404,.44757685,.77162158,156074000384,80827457536,75246542848,137251708928,82365480960,54886227968,36602769408,19428794368,17173974016,29464649728,18066950144,11397700608,.66415089,.6407969,.71013576,.68184739,.57882458,.89604348
2017,4,.63647199,.61006296,.68387157,.56008404,.44757685,.77162158,156074000384,80827457536,75246542848,137251708928,82365480960,54886227968,31188541440,16461294592,14727246848,31921035264,18550040576,13370993664,.59883446,.58330375,.62866861,.40061101,.33635053,.52650934
2017,5,.63647199,.61006296,.68387157,.56008404,.44757685,.77162158,156074000384,80827457536,75246542848,137251708928,82365480960,54886227968,6257934336,3298840832,2959093504,15546457088,8734595072,6811862016,.35944727,.3493039,.37848327,-.57776397,-.62210041,-.49599099
